cluster_id,left_key,right_key,method,similarity,threshold,left_sha256,right_sha256
dedup-0001,bangdream_001_2019_furisode,bangdream_001_2024_furisode,embedding_cosine,0.9946213364601135,0.992,e5b652807ff42b35dbab8ff0f21f0fee43373751378ee228a91d813daee4a54b,65d490f157ad60a59050f032ac5a2ab6cb0c558fd38cd5b0654a980ddd7ee64e
dedup-0002,bangdream_001_casual,bangdream_001_event_147_story_01,embedding_cosine,0.99925696849823,0.992,0591f4f42749af1a0308a3401671fcff292e6c9f9c8bfdc01fb89e077e11afc4,9a1be5d6b96bd9d616cff39f81197a2b12ac9cf76b3f28a551bd5e66db4d57d3
dedup-0003,bangdream_001_casual_winter,bangdream_001_event_102_story_01,embedding_cosine,0.9993786811828613,0.992,7f037503a70ce6702cf5ba5456303db669275545197628b03aa1d03fbb61b543,7230137ca32b4f7c3fc2ec4ad609fa609c756bb840e1156b92b6afb5610a1ead
dedup-0003,bangdream_001_casual_winter,bangdream_001_event_65_story_01,embedding_cosine,0.9991050362586975,0.992,7f037503a70ce6702cf5ba5456303db669275545197628b03aa1d03fbb61b543,ae490e2683d35c0496c2e9b9db5ab655cbf49bf40a1099ea346a810e60384163
dedup-0004,bangdream_001_chapter0_pajamas,bangdream_001_pajamas-2023,embedding_cosine,0.9935935139656067,0.992,67ee7d65271db89a449c5332a419105216f0580c6af20ed4848e272e8f90d947,3c57ca847301b9b1d8e15833d30ee274606c35fa5af69e7d4b0de153efcf70c1
dedup-0003,bangdream_001_event_102_story_01,bangdream_001_event_65_story_01,embedding_cosine,0.9996903538703918,0.992,7230137ca32b4f7c3fc2ec4ad609fa609c756bb840e1156b92b6afb5610a1ead,ae490e2683d35c0496c2e9b9db5ab655cbf49bf40a1099ea346a810e60384163
dedup-0005,bangdream_001_event_124_story_01,bangdream_001_event_160_story_01,embedding_cosine,0.9992173910140991,0.992,ae6a1b02c7a4462ea8f4b114f847de82b1c96823da4657ebaaaa68f8adf8f9cc,ccf8ea17c38397efd461b379b55483f9ca43f00a7875816e6864b090766a0e17
dedup-0005,bangdream_001_event_124_story_01,bangdream_001_swimsuit-2023,embedding_cosine,0.9930777549743652,0.992,ae6a1b02c7a4462ea8f4b114f847de82b1c96823da4657ebaaaa68f8adf8f9cc,1a601bb75f3a8b3f18f1f0eb4886314d99984fc91134c1ec417bd6636df454d6
dedup-0006,bangdream_001_event_128_story_01,bangdream_001_live_event_128_ssr,embedding_cosine,0.9985173344612122,0.992,a19b39afd97401d6781b33c23e74605ca19efb9dc6c79ddacb86b44a349a565f,5022193369694db9e016de68af4bc0d8dfbb45023c25f3341f02684c41de19f3
dedup-0005,bangdream_001_event_160_story_01,bangdream_001_swimsuit-2023,embedding_cosine,0.9927577972412109,0.992,ccf8ea17c38397efd461b379b55483f9ca43f00a7875816e6864b090766a0e17,1a601bb75f3a8b3f18f1f0eb4886314d99984fc91134c1ec417bd6636df454d6
dedup-0007,bangdream_001_event_216_story_01,bangdream_001_school_winter,embedding_cosine,0.9986549615859985,0.992,1ff6d6b896114d69ed278c090c559e5202a1dd95e85d865c0c22850d8efacadb,a9b43bbb58c047557627d83e7780ddad4809bc1160bc2ac6acff4de648bd4b63
dedup-0007,bangdream_001_event_216_story_01,bangdream_001_school_winter-2023,embedding_cosine,0.9963478446006775,0.992,1ff6d6b896114d69ed278c090c559e5202a1dd95e85d865c0c22850d8efacadb,ad2235537fcae0db44d3e9cb1392214d7b8192cd8609a84ff9320eb1241410e5
dedup-0007,bangdream_001_event_216_story_01,bangdream_001_school_winter_v3,embedding_cosine,0.9986026287078857,0.992,1ff6d6b896114d69ed278c090c559e5202a1dd95e85d865c0c22850d8efacadb,db509f47b408495db035f3bd4f4201f50ccffee94b851c14e5fe01fb0357f5c8
dedup-0008,bangdream_001_school_summer,bangdream_001_school_summer-2023,embedding_cosine,0.9968680143356323,0.992,eb834c24e7b02f849cef47a5d7d4d0d31dbf18020dd1a7f221a9b39625007c02,f6c637dd9060fea17045944d5a31a196bfede9ae761377aac806d94866bca33b
dedup-0007,bangdream_001_school_winter,bangdream_001_school_winter-2023,embedding_cosine,0.9972069263458252,0.992,a9b43bbb58c047557627d83e7780ddad4809bc1160bc2ac6acff4de648bd4b63,ad2235537fcae0db44d3e9cb1392214d7b8192cd8609a84ff9320eb1241410e5
dedup-0007,bangdream_001_school_winter,bangdream_001_school_winter_v3,embedding_cosine,0.9998033046722412,0.992,a9b43bbb58c047557627d83e7780ddad4809bc1160bc2ac6acff4de648bd4b63,db509f47b408495db035f3bd4f4201f50ccffee94b851c14e5fe01fb0357f5c8
dedup-0007,bangdream_001_school_winter-2023,bangdream_001_school_winter_v3,embedding_cosine,0.9972862601280212,0.992,ad2235537fcae0db44d3e9cb1392214d7b8192cd8609a84ff9320eb1241410e5,db509f47b408495db035f3bd4f4201f50ccffee94b851c14e5fe01fb0357f5c8
dedup-0009,bangdream_002_casual_winter,bangdream_002_event_102_story_01,embedding_cosine,0.9994553923606873,0.992,f3790bc4d024d58f3ae62faf39ccb3787d1db1410e590be8be2326635f82c79a,31d6b6816719b0490aa9aa686eaa2492ed6555581a984d709d1f58e6b274ae01
dedup-0009,bangdream_002_casual_winter,bangdream_002_event_99_story_01,embedding_cosine,0.9994483590126038,0.992,f3790bc4d024d58f3ae62faf39ccb3787d1db1410e590be8be2326635f82c79a,55bd0a1a3d462796eeef754a83ac969bbe2e6160b950957230cc277b0c76300d
dedup-0009,bangdream_002_event_102_story_01,bangdream_002_event_99_story_01,embedding_cosine,0.9999552965164185,0.992,31d6b6816719b0490aa9aa686eaa2492ed6555581a984d709d1f58e6b274ae01,55bd0a1a3d462796eeef754a83ac969bbe2e6160b950957230cc277b0c76300d
dedup-0010,bangdream_002_event_140_story_01,bangdream_002_event_216_story_01,embedding_cosine,0.9995707869529724,0.992,fac70e0c8eda0ecd09c098cb7fb271c6ab35c2bcdd5175b0dd447307a9010445,0d6ea48bae4dca4bc03d30392215dc47c7b7b72226f6e0031db558285143ed52
dedup-0010,bangdream_002_event_140_story_01,bangdream_002_event_99_story_02,embedding_cosine,0.9992502927780151,0.992,fac70e0c8eda0ecd09c098cb7fb271c6ab35c2bcdd5175b0dd447307a9010445,7075095bc511a32a657038675336995d89d64a7b57f5e6af0bb101a7f82f10f3
dedup-0010,bangdream_002_event_140_story_01,bangdream_002_school_winter,embedding_cosine,0.9997825622558594,0.992,fac70e0c8eda0ecd09c098cb7fb271c6ab35c2bcdd5175b0dd447307a9010445,41821df725cafaf62bd19ad9fbbb429ee8227eb50f347c633d90518cb5fdd68c
dedup-0010,bangdream_002_event_140_story_01,bangdream_002_school_winter-2023,embedding_cosine,0.995128870010376,0.992,fac70e0c8eda0ecd09c098cb7fb271c6ab35c2bcdd5175b0dd447307a9010445,f115d38b8a20f077872e7ab0d81db69e1f496a922ef2f77956dbc42b055d747f
dedup-0011,bangdream_002_event_160_story_01,bangdream_002_event_50_story_01,embedding_cosine,0.9999903440475464,0.992,b66851e1cf8bf8967efbeb3a19a642eb02e82d787b6083e9b1830bb83316422c,f5a8c46fd706b37c36530d3d8354d8d971ae059ecc38cd5678d0ba664b216fde
dedup-0011,bangdream_002_event_160_story_01,bangdream_002_swimsuit-2023,embedding_cosine,0.9951752424240112,0.992,b66851e1cf8bf8967efbeb3a19a642eb02e82d787b6083e9b1830bb83316422c,b28e4a30daceb0e53624e64e67d48e8ee4a7d96eac852dd62433279d32f48e7e
dedup-0010,bangdream_002_event_216_story_01,bangdream_002_event_99_story_02,embedding_cosine,0.9990358352661133,0.992,0d6ea48bae4dca4bc03d30392215dc47c7b7b72226f6e0031db558285143ed52,7075095bc511a32a657038675336995d89d64a7b57f5e6af0bb101a7f82f10f3
dedup-0010,bangdream_002_event_216_story_01,bangdream_002_school_winter,embedding_cosine,0.9995371103286743,0.992,0d6ea48bae4dca4bc03d30392215dc47c7b7b72226f6e0031db558285143ed52,41821df725cafaf62bd19ad9fbbb429ee8227eb50f347c633d90518cb5fdd68c
dedup-0010,bangdream_002_event_216_story_01,bangdream_002_school_winter-2023,embedding_cosine,0.9945077896118164,0.992,0d6ea48bae4dca4bc03d30392215dc47c7b7b72226f6e0031db558285143ed52,f115d38b8a20f077872e7ab0d81db69e1f496a922ef2f77956dbc42b055d747f
dedup-0011,bangdream_002_event_50_story_01,bangdream_002_swimsuit-2023,embedding_cosine,0.9951415061950684,0.992,f5a8c46fd706b37c36530d3d8354d8d971ae059ecc38cd5678d0ba664b216fde,b28e4a30daceb0e53624e64e67d48e8ee4a7d96eac852dd62433279d32f48e7e
dedup-0010,bangdream_002_event_99_story_02,bangdream_002_school_winter,embedding_cosine,0.9995049238204956,0.992,7075095bc511a32a657038675336995d89d64a7b57f5e6af0bb101a7f82f10f3,41821df725cafaf62bd19ad9fbbb429ee8227eb50f347c633d90518cb5fdd68c
dedup-0010,bangdream_002_event_99_story_02,bangdream_002_school_winter-2023,embedding_cosine,0.9958044290542603,0.992,7075095bc511a32a657038675336995d89d64a7b57f5e6af0bb101a7f82f10f3,f115d38b8a20f077872e7ab0d81db69e1f496a922ef2f77956dbc42b055d747f
dedup-0012,bangdream_002_school_summer,bangdream_002_school_summer-2023,embedding_cosine,0.9960876107215881,0.992,53c18ffa81d2f6b3b0d485478ab4826384cca16307bdb2a44711ccb003a1336c,1ea1b1ec30804b063d8139f63713091de705a6c5420344ca36fbb736a30e0e30
dedup-0010,bangdream_002_school_winter,bangdream_002_school_winter-2023,embedding_cosine,0.9954872131347656,0.992,41821df725cafaf62bd19ad9fbbb429ee8227eb50f347c633d90518cb5fdd68c,f115d38b8a20f077872e7ab0d81db69e1f496a922ef2f77956dbc42b055d747f
dedup-0013,bangdream_003_2019_furisode,bangdream_003_2024_furisode,embedding_cosine,0.9924783706665039,0.992,d28ac231b6fdb188357bc6c06bd84b8786b02844a7bf514f94972440943e5b66,7450c924cdf4aaf6b97e230d5633a954508da80117fe3119c2f5f2c9fef57992
dedup-0014,bangdream_003_chapter0_pajamas,bangdream_003_event_233_story_01,embedding_cosine,0.994564414024353,0.992,47077e5220a8080a8758f09ee8be8cc8c3d2108d214b194aa0c89547d03b374d,763a4c5dd5f0bf0a3b1d5969590cc038779a26f06b02b27f284f1df0fe459510
dedup-0015,bangdream_003_event_140_story_01,bangdream_003_event_216_story_01,embedding_cosine,0.9989134073257446,0.992,3baecd6b8ca0ecfa78d63344e1986bf108cad27288f2e3a9cc461ecde5e7374e,224d7d9c23f7cdfb0842c65a6a7b2ffac49cd56bc6c01ea5d8239d4197add114
dedup-0015,bangdream_003_event_140_story_01,bangdream_003_school_winter,embedding_cosine,0.9997422695159912,0.992,3baecd6b8ca0ecfa78d63344e1986bf108cad27288f2e3a9cc461ecde5e7374e,9d88f81ca5190e6a0f5f67dc0e2fe54c7345498516c823ba9f8605364d672056
dedup-0015,bangdream_003_event_140_story_01,bangdream_003_school_winter-2023,embedding_cosine,0.992347240447998,0.992,3baecd6b8ca0ecfa78d63344e1986bf108cad27288f2e3a9cc461ecde5e7374e,73f517a0db219595d778202a988378c420746227e559e7dda4dc1d95738339cf
dedup-0015,bangdream_003_event_216_story_01,bangdream_003_school_winter,embedding_cosine,0.9988319277763367,0.992,224d7d9c23f7cdfb0842c65a6a7b2ffac49cd56bc6c01ea5d8239d4197add114,9d88f81ca5190e6a0f5f67dc0e2fe54c7345498516c823ba9f8605364d672056
dedup-0015,bangdream_003_event_216_story_01,bangdream_003_school_winter-2023,embedding_cosine,0.9930749535560608,0.992,224d7d9c23f7cdfb0842c65a6a7b2ffac49cd56bc6c01ea5d8239d4197add114,73f517a0db219595d778202a988378c420746227e559e7dda4dc1d95738339cf
dedup-0016,bangdream_003_event_227_story_02,bangdream_003_live_event_227_ssr,embedding_cosine,0.9996699094772339,0.992,fa202f509c02398f24cd0a378c9749a0bc7da83671e8c9477f0249ec4433ce82,66471b3cbe1d8c7c5699cf9e06e13f258b35f150a30dec507e4e411f4241dbd6
dedup-0017,bangdream_003_school_summer,bangdream_003_school_summer-2023,embedding_cosine,0.9948959350585938,0.992,dc607e993cd17114ff5ba576aac75e81aa5533ab9b361a1e7f9f21613990977b,6aa326b0ae25003d365f378f10bca3b606ac5dade125a9df44f4ff1cfd76f918
dedup-0015,bangdream_003_school_winter,bangdream_003_school_winter-2023,embedding_cosine,0.9929085373878479,0.992,9d88f81ca5190e6a0f5f67dc0e2fe54c7345498516c823ba9f8605364d672056,73f517a0db219595d778202a988378c420746227e559e7dda4dc1d95738339cf
dedup-0018,bangdream_004_2019_furisode,bangdream_004_2025_furisode,embedding_cosine,0.993851900100708,0.992,6b640e569d9554f39131b73e5ec64603e65083b5ab61ba0d9853abf408029c0e,96e78e2aedfbbeedcf913260a569fcf59ecfea44481f48a49213af14be7790f0
dedup-0019,bangdream_004_chapter0_pajamas,bangdream_004_pajamas-2023,embedding_cosine,0.9943748712539673,0.992,fd6b39a6432ce00c25fc50d1add7c16fad727996efd0a1eca400b369749b59d5,c2d5bc4fa126c0937921ec35e3f7b4ed8cc3a56efa193711bcdbed6733f0effc
dedup-0020,bangdream_004_event_216_story_01,bangdream_004_school_winter,embedding_cosine,0.9997259378433228,0.992,82a5b8d86548f7da60544407166446a9c6b27c88d3a7f0e6328bbf66a82a5c59,ec9857a1a596efc2c9d21fb45a1fc84572ec843872c32a8855cad4516678ce24
dedup-0020,bangdream_004_event_216_story_01,bangdream_004_school_winter-2023,embedding_cosine,0.992975115776062,0.992,82a5b8d86548f7da60544407166446a9c6b27c88d3a7f0e6328bbf66a82a5c59,1eb3fade68f1aa1810b1553a9fb2edfa93bb3345f3b0df9c1ccd9246602d410e
dedup-0021,bangdream_004_event_236_story_01,bangdream_004_live_event_236_r,embedding_cosine,0.9990297555923462,0.992,6c80a438da6d8023ad339ce8bbda28f0409fe8adfd6ca6001c8afc3be07a36df,ca207b3ebde7f8ffe1f5b35dc37406ba80e7bd83064ca6e201963905476f1661
dedup-0022,bangdream_004_event_92_story_01,bangdream_004_live_event_92_ssr,embedding_cosine,0.9994509220123291,0.992,d91b592326b54ea76c955f582eeb6626226e269211f5f85cd71a9214b8d779eb,d3e5bf1edb3a6de173d4946ee3dba1734b266f0b6d1f3fb99cff2cec5b2a5258
dedup-0023,bangdream_004_school_summer,bangdream_004_school_summer-2023,embedding_cosine,0.9940649271011353,0.992,63523ed14f4196872d20477f2a393028a0c1c3c111f8a1f0dada3e175ee0be47,1d2f0b3dc6c7a71d298d490d629cea83f906b60922cb4181567702c6211bad3a
dedup-0020,bangdream_004_school_winter,bangdream_004_school_winter-2023,embedding_cosine,0.9929519891738892,0.992,ec9857a1a596efc2c9d21fb45a1fc84572ec843872c32a8855cad4516678ce24,1eb3fade68f1aa1810b1553a9fb2edfa93bb3345f3b0df9c1ccd9246602d410e
dedup-0024,bangdream_005_casual_winter,bangdream_005_event_101_story_01,embedding_cosine,0.9988946318626404,0.992,c51b7d70e90e1ebdafa14b8bc9d226d014aadbf986258973275011ba7307de7b,ee59a11102e71ee525cc1a5d5188267f7137bacf9c5fcd6dca97e749412f3b23
dedup-0025,bangdream_005_chapter0_pajamas,bangdream_005_pajamas-2023,embedding_cosine,0.9938104748725891,0.992,1ee0d8a8f69da95cd577e2f2935cb1151dbc2fbc4c34e66553c379d9e22acccd,805f04cbbd709a984d7559d25e1e6c776c5df85f04576555371e6bc61d2cddaf
dedup-0026,bangdream_005_event_160_story_01,bangdream_005_event_50_story_01,embedding_cosine,0.9999580979347229,0.992,0e172ecd7f6e83ea425b6ddf3eef3aefc817d453b8e921c07942038ad24c7163,f3a7156602204786aed72a0374b7646e7633041f04b78e2191e1aa241795db3f
dedup-0027,bangdream_005_event_216_story_01,bangdream_005_school_winter,embedding_cosine,0.999355137348175,0.992,b5b7ca1bfcceecdcdcab5b489bad5c90b339549e12c788ff2b40e9cf7f508ef2,171d3cd3e57a01664ea0f7c85e0a7ca8896bb8f950a55c7144793bdc109aded3
dedup-0027,bangdream_005_event_216_story_01,bangdream_005_school_winter-2023,embedding_cosine,0.9950587749481201,0.992,b5b7ca1bfcceecdcdcab5b489bad5c90b339549e12c788ff2b40e9cf7f508ef2,49bb3c545c081946d2ecb0fbf45d3264f19ec132f34ae555da93c8964bfc6c77
dedup-0027,bangdream_005_event_216_story_01,bangdream_005_school_winter_v3,embedding_cosine,0.9990867376327515,0.992,b5b7ca1bfcceecdcdcab5b489bad5c90b339549e12c788ff2b40e9cf7f508ef2,3e1f6d040053776ee73208e4a4d8fc3000faedaa207d990b94ae61deccf58f78
dedup-0028,bangdream_005_event_92_story_01,bangdream_005_live_event_92_ssr,embedding_cosine,0.9996668100357056,0.992,b97163a06cb32cf09806caae2b760c9f7f695b1d81e3a258378c28c06c3ec9e4,ab99c6150c5d3132b9f6337bab0e91fe3b44ede2dfcaaeaa0aa4069af9bbbdc5
dedup-0029,bangdream_005_school_summer,bangdream_005_school_summer-2023,embedding_cosine,0.9941351413726807,0.992,6e9ee6d1858f838a7c56d67b7100705262901382b0f8139df1d17a6170422e26,098c61d267bd3388d5dbb86c723a034d23406583fbf7d81f98bfba273413da5f
dedup-0027,bangdream_005_school_winter,bangdream_005_school_winter-2023,embedding_cosine,0.9941666126251221,0.992,171d3cd3e57a01664ea0f7c85e0a7ca8896bb8f950a55c7144793bdc109aded3,49bb3c545c081946d2ecb0fbf45d3264f19ec132f34ae555da93c8964bfc6c77
dedup-0027,bangdream_005_school_winter,bangdream_005_school_winter_v3,embedding_cosine,0.9988099932670593,0.992,171d3cd3e57a01664ea0f7c85e0a7ca8896bb8f950a55c7144793bdc109aded3,3e1f6d040053776ee73208e4a4d8fc3000faedaa207d990b94ae61deccf58f78
dedup-0027,bangdream_005_school_winter-2023,bangdream_005_school_winter_v3,embedding_cosine,0.9949712157249451,0.992,49bb3c545c081946d2ecb0fbf45d3264f19ec132f34ae555da93c8964bfc6c77,3e1f6d040053776ee73208e4a4d8fc3000faedaa207d990b94ae61deccf58f78
dedup-0030,bangdream_006_2019_furisode,bangdream_006_2024_furisode,embedding_cosine,0.9940640926361084,0.992,7642c3212a79930465ffc808c74382b8a36f3e611a61ffc2daf95e1d88464179,486185e2f9e852def793e849c0d5f175f3488a428fe00ac7f470f7dea005cc8c
dedup-0031,bangdream_006_casual_winter,bangdream_006_event_101_story_01,embedding_cosine,0.9973894357681274,0.992,8e853d4b10bb0560904f7e78df444fb73184323e2c2b246494e2efb1113416a0,6311b7e19b5624ad0bc5299a96ab31b5b3f6dfeaa90476b5ea013201e2e027c6
dedup-0032,bangdream_006_event_122_story_01,bangdream_006_swimsuit-2023,embedding_cosine,0.9957773685455322,0.992,89e1e406d18ba7e91bef342fee55987eddcfd9e3203e07ba8bd56b2c344bcba9,8752e51b7ed07f05865a1091d05fc4d78083b843d59a5dac0e96d097ee678a55
dedup-0033,bangdream_006_event_216_story_01,bangdream_006_school_winter_s2,embedding_cosine,0.999971866607666,0.992,deeb2ed937591b7c5650f52b049ea7a1cef0de8733d8dc0379164911788d26c2,33912fea1ff2c473713549c794ffc9940a1482674ede17cda26ea854b5e409d1
dedup-0034,bangdream_006_event_227_story_04,bangdream_006_live_event_227_ur,embedding_cosine,0.9996374845504761,0.992,1799c112b88acce861959f693b33e600e58e941193ed2edad93949836c1c0c4b,5561f0e7c67e44ae757a0ff371cc7d567fe8b294877264789dee6a1d4dabf29f
dedup-0035,bangdream_006_event_54_story_01,bangdream_006_pajamas-2023,embedding_cosine,0.9970626831054688,0.992,89966ebd4b4f72d6511047ceb540dba09325d56906b4449d6dc6db17b77702f6,ccce3557571e720355ecc111991cb84433d161c80b4806bfe4e03170de5f77bf
dedup-0036,bangdream_006_school_summer_s2,bangdream_006_school_summer_v3,embedding_cosine,0.9998719096183777,0.992,701c38cd94661d5bd5c15783cd1737fc6a88275bcc8dfde924bc6f683ee695fa,e3fc7263dc29bd37fc0ce07cfad765915906bdabbde7b297ef16fb412b7605e0
dedup-0037,bangdream_007_2019_furisode,bangdream_007_2024_furisode,embedding_cosine,0.9942291975021362,0.992,c547f74b7fbde74e41d758b03f069826002f85e801384723a20b85ad2ae2efd1,2a93ed492f5eeead8d38fa0da7d3a63e54b75c2bccc86f90451e0ec081e12a9d
dedup-0038,bangdream_007_casual_winter,bangdream_007_event_65_story_01,embedding_cosine,0.9995476007461548,0.992,d38de937e6caa9b977fd0f220bcaaf988f3c02176259790e0ef751f9a48121b2,cdebbe3afd2d7f1f31b0a29fc2985d1a484e7a5ef477a5c26e96ff7f0f640977
dedup-0038,bangdream_007_casual_winter,bangdream_007_event_94_story_02,embedding_cosine,0.9998351335525513,0.992,d38de937e6caa9b977fd0f220bcaaf988f3c02176259790e0ef751f9a48121b2,5d7f43fdc126b190694761a91c6a68b45c76ca8a24ba68c073ecd1fb8a24c048
dedup-0039,bangdream_007_event_122_story_01,bangdream_007_swimsuit-2023,embedding_cosine,0.9951842427253723,0.992,92713db378b9080b1e3999fe2b5e627cbfcf00b68fcb1d6fb35a4bd051193782,00a3085189b49b7ab688e4635968821432eb11e711125c59d996036756269432
dedup-0040,bangdream_007_event_200_story01,bangdream_007_live_event_200_ssr,embedding_cosine,0.9990805387496948,0.992,bacd0997090ead18728c75bab880b2d0805bd6fd10fab9cb4e575ac140e320a5,2f581d4b204d69894ecc0fc68821df2c00e8e47c29feef682efc39151c80ca89
dedup-0041,bangdream_007_event_216_story_01,bangdream_007_school_winter_s2,embedding_cosine,0.9997079372406006,0.992,00c38e91864edfaab1f435d1d748feca5dae66077964a0900bbcc2f83912c59c,f975c064d1c31c45c3dcd69f36b2584e5fb397c2032a0b2bdf2d1a76e68b3a0d
dedup-0042,bangdream_007_event_54_story_01,bangdream_007_pajamas-2023,embedding_cosine,0.9970308542251587,0.992,98aa7f59c783423bc46388fb1a70edf530ed5b988149f2b98707a3f32c7f3e63,2af8a89cb391d05917944cb30e7b88175d04c5f60992d0177238e10b5524d76d
dedup-0038,bangdream_007_event_65_story_01,bangdream_007_event_94_story_02,embedding_cosine,0.9996718764305115,0.992,cdebbe3afd2d7f1f31b0a29fc2985d1a484e7a5ef477a5c26e96ff7f0f640977,5d7f43fdc126b190694761a91c6a68b45c76ca8a24ba68c073ecd1fb8a24c048
dedup-0043,bangdream_007_event_94_story_01,bangdream_007_store,embedding_cosine,0.9999667406082153,0.992,c9caabd2a2e23e7a2363044ab34031d28f746819c1bab31413a895186b00d071,df96908dba406228c258caea736c803f2cbe32d89dde6bb7abf7ed824d464ff0
dedup-0044,bangdream_007_school_summer_s2,bangdream_007_school_summer_v3,embedding_cosine,0.9993911981582642,0.992,68449d753a7b4f63ae2275df4ab84dd3a7d5356f4f2251d42f8f6a768dc10bff,67efc888bfbea39e1532fbbee20feeebcb466eb54993a5909ac403e669ee0792
dedup-0045,bangdream_008_event_122_story_01,bangdream_008_swim_swit,embedding_cosine,0.9983642101287842,0.992,750e4821fb56d38786ea93cd290bee3dc5955b212898bc0a0a554fa31c9246f6,db9ed6933a34a570cdf4a490de0a63c96536deb67a936d28e73ae7941f6b6826
dedup-0045,bangdream_008_event_122_story_01,bangdream_008_swimsuit-2023,embedding_cosine,0.9938353300094604,0.992,750e4821fb56d38786ea93cd290bee3dc5955b212898bc0a0a554fa31c9246f6,1d40e6b3f769380e9a1c7f398a100fb3dc336a7c668958c1e35631fb7711ca70
dedup-0046,bangdream_008_event_216_story_01,bangdream_008_school_winter_s2,embedding_cosine,0.9986522197723389,0.992,638d04ec9a966a11def6b73970e9bcf646bb7189435201d6fa2e0ef53f2992c0,88cabc23b175aec227df8e22895d03ae8294d9802eac9bd7ea84d160007926f9
dedup-0047,bangdream_008_event_236_story_01,bangdream_008_live_event_236_ur,embedding_cosine,0.9967783093452454,0.992,5b135ce1353be83e011924dfd176fcaf4951fd6e4915e407356f4055323238c3,a6fc6ca79155e24255a2af71a4049a869c4f4a4cada713a63e863fd527f07450
dedup-0048,bangdream_008_event_296_story_01,bangdream_008_live_event_296_ur,embedding_cosine,0.999664306640625,0.992,7fa3ea7cc6bbe30d409eaf69faa09df8abbe20d36d5790574dd7589e3f45f5ad,959204401db19f21c9c5d08409c87f96c2396b4f3093cce8d421f19782741d29
dedup-0049,bangdream_008_school_summer_s2,bangdream_008_school_summer_v3,embedding_cosine,0.9999111890792847,0.992,fcf53a76013d1b6b445c8db2c4b7b37671a525e06eec24e163f18b71421313b2,c097f5a2940e33a954768a5e171b467123e0f5574073ecea536debe69e2a90b3
dedup-0045,bangdream_008_swim_swit,bangdream_008_swimsuit-2023,embedding_cosine,0.9935047030448914,0.992,db9ed6933a34a570cdf4a490de0a63c96536deb67a936d28e73ae7941f6b6826,1d40e6b3f769380e9a1c7f398a100fb3dc336a7c668958c1e35631fb7711ca70
dedup-0050,bangdream_009_2019_furisode,bangdream_009_2025_furisode,embedding_cosine,0.9923607707023621,0.992,fbc5f0668cf96c0bd22f610c50ff69a5af162bef3a38f9ac709041f601dbbb05,ff2e193ac71f85506b61b2c9431fca3aadf7948899dfdae57573fcd4e794b7d1
dedup-0051,bangdream_009_event_107_story_01,bangdream_009_event_216_story_01,embedding_cosine,0.9980382919311523,0.992,dd8ce6f4c2696066dfabc8f4680d51696cfc2d2ca9de60bfaa13a2bea6cc996b,e9483c0696964440d4dd6dfe74ef841871edf153bad863cc6367b5566465c0e7
dedup-0051,bangdream_009_event_107_story_01,bangdream_009_school_winter_s2,embedding_cosine,0.9994639158248901,0.992,dd8ce6f4c2696066dfabc8f4680d51696cfc2d2ca9de60bfaa13a2bea6cc996b,fb9ee7fce2587e5b55e43cba2c336130b62137dcca87ee7981f49676896e1cea
dedup-0052,bangdream_009_event_200_story01,bangdream_009_live_event_200_ssr,embedding_cosine,0.9970836043357849,0.992,da46028bca3aa9d3025d4800ec7cd8807df5486992f0d6ac4f74a8cda58d29f2,8f74129b05984408eaeb730d654a008e900a31261e70494e16e6330495755e5d
dedup-0051,bangdream_009_event_216_story_01,bangdream_009_school_winter_s2,embedding_cosine,0.998502790927887,0.992,e9483c0696964440d4dd6dfe74ef841871edf153bad863cc6367b5566465c0e7,fb9ee7fce2587e5b55e43cba2c336130b62137dcca87ee7981f49676896e1cea
dedup-0053,bangdream_009_event_236_story_01,bangdream_009_live_event_236_sr,embedding_cosine,0.999988317489624,0.992,3529725f32ed74fa675cb9ed5b799214035a09487db83743a43b0aa6dad2cbb3,571b6b5c875fe393bc38b22ff9916e4cb3c1e92d5622194f770f01ac00cccebe
dedup-0054,bangdream_009_school_summer_s2,bangdream_009_school_summer_v3,embedding_cosine,0.9981469511985779,0.992,719bb2aaca7820dcd7107c74b1bf511cac4cffc574e94b252f5d220f13884a8b,d2f8f3ed80651359a3ade101a3ee5e6fabd41b1c0aebe2c9dce93df42384d41e
dedup-0055,bangdream_010_arbeit,bangdream_010_arbeit-2023,embedding_cosine,0.996452808380127,0.992,498bb1fa6c5849aa53f35b72b5fd15a40fe7886d416daf6ebbf59cdee9398075,b16849a9f4b64ab2dc4702c2697d1a9853edf5ba74f6ea56c9d9de53dad7b612
dedup-0056,bangdream_010_event_06_story,bangdream_010_memorial_middle_school,embedding_cosine,0.9997369647026062,0.992,9b7628b3e37f2f4c8808156540bb6540b7febbb483c364ad6bf1d885167e598a,30770b8c82a7150921d6223dadf6ee57d8bd6a598ac1e7299381c8afc36670c7
dedup-0057,bangdream_010_event_122_story_01,bangdream_010_swimsuit-2023,embedding_cosine,0.9963098764419556,0.992,79f40898cc68658e1a2ade9f5ae8c311f97b4a7813743c644006dd58bb9e92cc,008cb666627edcaa2bf1b26e2a05489b9c04cd050034e9fe5c77218c5c91c1ac
dedup-0058,bangdream_010_event_216_story_01,bangdream_010_school_winter_s2,embedding_cosine,0.9987344741821289,0.992,3a726a04f53caefec72247939e080ecf99832e6ff5ce7af9a3e4518ffd9a4d81,be9d0c16d8a0e9d8cfe65d5b5702cd8335c55c715a0b9fe6a9bdb1a09e35664a
dedup-0059,bangdream_010_school_summer_s2,bangdream_010_school_summer_v3,embedding_cosine,0.999815046787262,0.992,552e0a729c83bddf162d5b180fcc83b3331a628e30c797f239956bc510d40046,67dea6d65c99aaf25b84633d3332514a1fbd434c231397aa722d12c85e192674
dedup-0060,bangdream_011_2018_furisode,bangdream_011_2024_furisode,embedding_cosine,0.9962759613990784,0.992,d0a3a2a93a1e8afd14c126966a0dad03bcb9b4bad1b727d239a761e41463afbe,a30a8427863031ddd80c82fc433f2c854feb56b8fde42e2305e0e5bea2bf92d9
dedup-0061,bangdream_011_casual,bangdream_011_event_141_story_01,embedding_cosine,0.9991831183433533,0.992,b13e5ca17e5a09e06c53c2b3e1c3fd442915433355a1c804b72f4884fcb6b5dc,fca40ea0f6f146e9ce961f8c705dcb1e9e717e4ac1eb3406f05a3fc201bfd6ee
dedup-0062,bangdream_011_casual_summer,bangdream_011_event_82_story_02,embedding_cosine,0.9999281167984009,0.992,f603bfef4664bfadb726a622b6c445c6d1208460271e158fc70ea7de8eaff99a,ff78d42073edefa63e80142b7b9440c259d84e18aa5f5137273851da35865526
dedup-0063,bangdream_011_event_216_story_01,bangdream_011_school_winter,embedding_cosine,0.9996914863586426,0.992,ccae2d6a9d80e8600d4afb0a3570b104260129da5167d82cc6a7743714296e9b,63100626eb7d689e716ef10819f14478a9854cf827da4c3cfc13d84152452392
dedup-0063,bangdream_011_event_216_story_01,bangdream_011_school_winter-2023,embedding_cosine,0.9966402649879456,0.992,ccae2d6a9d80e8600d4afb0a3570b104260129da5167d82cc6a7743714296e9b,b3431f8a79b8a06c803082f2ae8c59f1fffac8cca862eb3854a74d71ba9d9744
dedup-0064,bangdream_011_event_244_story_01,bangdream_011_live_event_244_r,embedding_cosine,0.9998900890350342,0.992,5f21343dd01c48937e3bc721ee5e271c4b8129a4295290bddda4cd2e323c026c,f23fa7fa837edebec2e1aa420f30652e85297e7f0586d25bdfb7696561fbb726
dedup-0065,bangdream_011_event_316_story_01,bangdream_011_live_event_283_sr,embedding_cosine,0.9993566274642944,0.992,1487030869391d07da7912f328c5342f116532c82862b5e5f2cf0c9d1e999cb0,83db8ede2eda7c025a352af4ecfb2c5f00f9d631ed0ffa7553411eb8460737c6
dedup-0066,bangdream_011_event_50_story_01,bangdream_011_swimsuit-2023,embedding_cosine,0.99674391746521,0.992,38ad7c4c56bc7b88689dbf69d0ff4e6cdf332f6d7d812198c66c9add91c89106,1009dfb4f6391e477e3d6af1f6394936ef95861bfd8fb5d223e269188b6c7d7b
dedup-0067,bangdream_011_event_67_story_01,bangdream_011_pajamas-2023,embedding_cosine,0.9982887506484985,0.992,0847e0402cb2a9d15cd05394f8df1c54f312181d7a450161f6db162438cd38c8,c0fb09892e538e05360a72e48b72cdb90bcec86e44a55e031483fce1916d8b89
dedup-0068,bangdream_011_school_summer,bangdream_011_school_summer-2023,embedding_cosine,0.9971554279327393,0.992,42d2a8c31bb4023ac6002cfece7e86f946371d974772fb7bf892c910474cd63d,08e2113eda4f8ce9d6cf43fe52a741a792925fa7c0a2ea9b5a1d8505c0d90291
dedup-0063,bangdream_011_school_winter,bangdream_011_school_winter-2023,embedding_cosine,0.997494101524353,0.992,63100626eb7d689e716ef10819f14478a9854cf827da4c3cfc13d84152452392,b3431f8a79b8a06c803082f2ae8c59f1fffac8cca862eb3854a74d71ba9d9744
dedup-0069,bangdream_012_casual_summer-2023,bangdream_012_event_226_story_01,embedding_cosine,0.9998570680618286,0.992,c8b9af10705108d168d55e1c70ffc55a3f66c3865bba50698a04fc2bdd3532ff,d929da7446812cf427f7202fa0b88b740d8bf4deadabbc37412205d9a17292a6
dedup-0070,bangdream_012_event_206_story_01,bangdream_012_live_event_35_ssr,embedding_cosine,0.9996263980865479,0.992,0fc88c0e1efe7c2310010a7d9fe0c6218a1e054f0444a8bcfcf471fe4dfb62ce,40f8dcfb6f8560186babaa96948bf3916322a8ad6da980eec3dcb5056ede9bee
dedup-0071,bangdream_012_event_216_story_01,bangdream_012_live_event_216_ssr,embedding_cosine,0.9998931884765625,0.992,52263dea3694b8310c6e21434b4a8b270d453f8be089e18fad329e997477fc4b,1418ff4014120b1394054ea6c14d4ddee03fd9c7cd1bb8e5508d361a3dc49ae6
dedup-0072,bangdream_012_event_244_story_01,bangdream_012_live_event_244_ur,embedding_cosine,0.9995503425598145,0.992,a9600d5c2a0e04554a9f17878bc945f7d07005454669b53f99d668616ff2071f,a3997ea797c0d58262ce7a5afbc213e594015b4c4da1a4b376f91097818744f6
dedup-0073,bangdream_012_event_260_story_01,bangdream_012_live_event_179_r,embedding_cosine,0.9971938133239746,0.992,168a2b6b2b0d8c0799a3eb5df41aa678612848f651284bc9f6071c19d7823d93,3cb701103a703fb620fc5f08417661f53464a5a54715ada439c16fbd4ce0ab50
dedup-0074,bangdream_012_event_304_story_01,bangdream_012_event_88_story_01,embedding_cosine,0.9927088022232056,0.992,8d1acdd14fd12ad6cdfbc6008902a9f5438d568518af866e6380d4268a44471c,06efdf4b7a573bc82e8f162de537b2ba113dfa32bcad718bc720369b2f972a7e
dedup-0075,bangdream_012_event_316_story_01,bangdream_012_live_event_316_ur,embedding_cosine,0.9999915361404419,0.992,7ba3564eff095b40bca1192a575630891a695807e09ed3cdde048df395646f9e,b935bf77796757a47ac9987aed41d2b454cdcedb3f5e715b0989cb00bae0755e
dedup-0076,bangdream_012_school_summer_s2,bangdream_012_school_summer_v3,embedding_cosine,0.9991320371627808,0.992,6c9907f0d4eed3abe70ee5152b69abb8c33f8e19fc028588af0230204abd2fd2,50de8a2c68a5da76316508756b36bf1b2be6d4977d07c46915051c1139a9e71c
dedup-0077,bangdream_013_casual_summer,bangdream_013_event_153_story_01,embedding_cosine,0.9999470114707947,0.992,c12cf6ce6526e5f24c927af846aaf06c83ace29d5a077010728603d790f63b3c,94a79a0a6bd0adb7cb30658f2a3abe03043e2c8b3d8b34bd5dc2e4b359068c8c
dedup-0078,bangdream_013_event_110_story_01,bangdream_013_uniform,embedding_cosine,0.9985087513923645,0.992,e4769618397658900bbc6b8c53d26d4386f9b354ddf2edd0bf51233e594a0c86,f4bf81981553f2ae0a83a723d349ebd5236e16642565eb28e13c190652917e72
dedup-0079,bangdream_013_event_216_story_01,bangdream_013_school_winter,embedding_cosine,0.9992412328720093,0.992,b0f0110ab14caa92b62320d00f96869deab7aab321e8fbcad8ca5e8e46b77fbe,c210650483c87f62a55d7aa3d9d346995170075a6914f03c347d55c316ed2605
dedup-0079,bangdream_013_event_216_story_01,bangdream_013_school_winter-2023,embedding_cosine,0.9923526644706726,0.992,b0f0110ab14caa92b62320d00f96869deab7aab321e8fbcad8ca5e8e46b77fbe,a70021159ede38d633e6572312fbfd136064d63aac090b88852aef240b72dc4d
dedup-0080,bangdream_013_event_244_story_01,bangdream_013_live_event_244_ur,embedding_cosine,0.9998457431793213,0.992,ee61d6d5dbeecedfeb4bdafab45dd0df53841ea5a536682856cac15545137d79,9918fc40b8c6fd417de6677c4756ad3dfc9605f069c8079de93e4bdd8661273c
dedup-0081,bangdream_013_event_316_story_01,bangdream_013_live_event_316_ur,embedding_cosine,0.9987647533416748,0.992,36d07ed0411333271e63f60e80064cdd70705b7e6d778a491e54f2b2dd58093d,7946cfeadfae01c43b2311820d63fca50be31f2ba5c8e0d3494eb75ef50dc9d3
dedup-0082,bangdream_013_event_50_story_01,bangdream_013_swimsuit-2023,embedding_cosine,0.9936540126800537,0.992,5ddf32f392b918dc65f23f0b1bd7cf42e3b5bef03f2bf7886afa1034935df139,6985e34bb3fb49f611c58ca135b89bf0ff62528b9f1fdc84e2952ca48bbb781e
dedup-0083,bangdream_013_event_67_story_01,bangdream_013_pajamas-2023,embedding_cosine,0.9936557412147522,0.992,83a9088559a1c32de68db6132a10b2ef5ef19ae480391afb6463b3b3e8c238ae,27a6161a4bb0fc1e8a6d89ce9bf5ce9034e2270217894b4fc2d7c52ce0cc29d7
dedup-0084,bangdream_013_school_summer,bangdream_013_school_summer-2023,embedding_cosine,0.9936788082122803,0.992,c31d493c7c64c9e1a2f686fdd5a3218756a79ab4d4daa0598066bd24a6fcc67d,23d5165eb729a76c5bdd0aa30b82d71ab08cc181d71d7128d223e7be5888c2e4
dedup-0079,bangdream_013_school_winter,bangdream_013_school_winter-2023,embedding_cosine,0.9929726123809814,0.992,c210650483c87f62a55d7aa3d9d346995170075a6914f03c347d55c316ed2605,a70021159ede38d633e6572312fbfd136064d63aac090b88852aef240b72dc4d
dedup-0085,bangdream_014_event_216_story_01,bangdream_014_live_event_215_ssr,embedding_cosine,0.9987202882766724,0.992,145a04d10f30aeb10e818c51df4dc7e99b5762d2cf67d12d7bff1a410b5ae507,eeb785c4b2651e48d13025c61ba278c4d18ff455647498eb45b7eb1a1256009d
dedup-0086,bangdream_014_event_244_story_01,bangdream_014_live_event_244_sr,embedding_cosine,0.9990252256393433,0.992,56b1f67b58832583d3b05192fcbe18fd30d1a64503ca0f208324ecf8096f4937,9cd88bb503c79d95b712ea15b4c4c81bcd7d6d5e5179c4d79588b4e9fcaffa55
dedup-0087,bangdream_014_event_316_story_01,bangdream_014_live_event_283_ssr,embedding_cosine,0.998004674911499,0.992,4ea6afa07b356bd4970036941c8bf04a3b95a8a43000aacf32f73b2f47db9436,fd681c079fb0127cd263f69d414e987fd83dd9e72cfa46af84a71c8bfe5cd42f
dedup-0088,bangdream_014_school_winter,bangdream_014_school_winter_v3,embedding_cosine,0.9989912509918213,0.992,01c914793bead0783c25c938ee392d297be147e305569a8b158aaaf4041c6e1b,46a37079bf21fff92f374b4f965282ce4db31a07e10151f912af32c94291ac10
dedup-0089,bangdream_015_4th_general_election_r,bangdream_015_event_316_story_01,embedding_cosine,0.9999008178710938,0.992,b8e47caaf82072cd46a33fe47d83142b212ecdc3d148a811dbb76c7007b7813c,228106421ce47d5bfe26eaeb9709b7da9cf800382a6c548c0d223744ee9b535d
dedup-0090,bangdream_015_casual_winter,bangdream_015_event_93_story_01,embedding_cosine,0.9999322891235352,0.992,8d01e0c619ee3a6f57035f93f44e8a747bd4f2acce202e1f4143320a783d4b41,e5aa3ecf0fbb493518ae41b95dae1f430ac23772e6adefeeebe3ed6434d7464b
dedup-0091,bangdream_015_event_216_story_01,bangdream_015_school_winter,embedding_cosine,0.9996564984321594,0.992,1506b33c54ca0debcb184490103fd49d7a9cad055f08f3d0369ffdaf98635026,1e02cfe1a3aadbcc12a9ac2e7b989387a871826c98ea322aeb5233d47f2e8499
dedup-0091,bangdream_015_event_216_story_01,bangdream_015_school_winter-2023,embedding_cosine,0.9967188239097595,0.992,1506b33c54ca0debcb184490103fd49d7a9cad055f08f3d0369ffdaf98635026,2307eeda936a52786af6691b5c305148e3922de790d45ceac1cd3faed66fb730
dedup-0091,bangdream_015_event_216_story_01,bangdream_015_school_winter_v3,embedding_cosine,0.9996604919433594,0.992,1506b33c54ca0debcb184490103fd49d7a9cad055f08f3d0369ffdaf98635026,363bf9db63a2d209930ba27c8e821397f89962cc9c0160c3e7b38a656774bca1
dedup-0092,bangdream_015_event_244_story_01,bangdream_015_live_event_244_ssr,embedding_cosine,0.9961080551147461,0.992,14e1409be6084fccd899d4e0d301ce3988ca13f6c2e35b575df50bfe7ac300bf,7e231e165ea7f353663fcf5fab7820e99bb7a943c49afffc215fb672655b478f
dedup-0093,bangdream_015_event_289_story_01,bangdream_015_story_01,embedding_cosine,0.9948587417602539,0.992,34e3f95d60f0e38c08c7f945363de561360a26be6d58bf5b1f4b81ccce5624ad,5faa33aed05ee3edb15e109c005b6bc7b9ca076427514997aa012be3572a5082
dedup-0094,bangdream_015_event_302_story01,bangdream_015_live_event_302_ur,embedding_cosine,0.9991222620010376,0.992,72ff1921c99808f4f5bdc6af5037a4e10e9562f3c8b4ddeba1ceddb92c212b77,7931acb0ac8282e65182db521175b4a4506eb309cc9533a94377e1206b074d5e
dedup-0095,bangdream_015_event_315_story_01,bangdream_015_live_event_98_ssr,embedding_cosine,0.9995248913764954,0.992,10fd3e620980181e4aeb7faa0224f2c44427234594e652693765c4bcdf16ebf5,442944c870ad7398cf43d7705bae66a387fe81b349f3d5e311f264e2bfe2a6dd
dedup-0096,bangdream_015_event_67_story_01,bangdream_015_pajamas-2023,embedding_cosine,0.996805727481842,0.992,c1cb7585c41a976fa7b7a8fda755f43734b72f76b6c05c09a508d79f3dffbe67,c3c4fc11c7adffd92d92e867e08e9836920b6e58b0b4b6151820ecf8f8b4eb65
dedup-0097,bangdream_015_school_summer,bangdream_015_school_summer-2023,embedding_cosine,0.9972773194313049,0.992,e51a938ff0490ee8a9556794441794bb6af8125bee32a0086bb68887a11aaad3,46320c36bb657a5acf96907d6c40c005bf020f03fd1520182f847f09f8f94e1d
dedup-0091,bangdream_015_school_winter,bangdream_015_school_winter-2023,embedding_cosine,0.9965431094169617,0.992,1e02cfe1a3aadbcc12a9ac2e7b989387a871826c98ea322aeb5233d47f2e8499,2307eeda936a52786af6691b5c305148e3922de790d45ceac1cd3faed66fb730
dedup-0091,bangdream_015_school_winter,bangdream_015_school_winter_v3,embedding_cosine,0.9998067617416382,0.992,1e02cfe1a3aadbcc12a9ac2e7b989387a871826c98ea322aeb5233d47f2e8499,363bf9db63a2d209930ba27c8e821397f89962cc9c0160c3e7b38a656774bca1
dedup-0091,bangdream_015_school_winter-2023,bangdream_015_school_winter_v3,embedding_cosine,0.996367335319519,0.992,2307eeda936a52786af6691b5c305148e3922de790d45ceac1cd3faed66fb730,363bf9db63a2d209930ba27c8e821397f89962cc9c0160c3e7b38a656774bca1
dedup-0098,bangdream_016_2019_furisode,bangdream_016_2024_furisode,embedding_cosine,0.9922857284545898,0.992,f91b5d634d220283b449e7e164ef4d614f2a7d03f8569f656d736cea2a6f97f4,0263280d415f8cd8cf7745af880dbd1312ed38882db38f8810ca9831da7a52a6
dedup-0099,bangdream_016_apron-2023,bangdream_016_event_104_story_01,embedding_cosine,0.9964296817779541,0.992,97949837c2fd1bffe0ca60d18da5cf94d34300577a80827c4ab2ef3f063f3c3f,54e5ebb04de9ae6ab1787b862d1fe1d1465c923b40f9e27ff47c13b3ba901996
dedup-0100,bangdream_016_casual-2023,bangdream_016_casual-2023-penlight,embedding_cosine,0.9986785650253296,0.992,1c93aab532d5403ecc8d156b188271dcc0cb9e2683bf65907139c6ccc5f45da5,836b970cbb964b766cbe9efb36bef9b650a7960f6dd49238bce1890ce7913a4f
dedup-0101,bangdream_016_casual_winter,bangdream_016_event_65_story_01,embedding_cosine,0.9991152286529541,0.992,03baaacbd8d0825cd5facf4c7605248beb202bdc1714b294ceaeb74cdb6447dd,47e7a9f6f62330568879f8faebf65daee082af225e5c7da53c37d907c43a5845
dedup-0102,bangdream_016_event_195_story_01,bangdream_016_event_304_story_01,embedding_cosine,0.996487021446228,0.992,3f88c4d09a709d019eb2d1d1bbb3e65de16540bfeb82e50c3ff342648bb03004,61ec130bfef400bcb916b64694d33464efb36c4f5b77fe65f9aca0275e5113f4
dedup-0103,bangdream_016_event_216_story_01,bangdream_016_live_event_215_ssr,embedding_cosine,0.9997228384017944,0.992,25a0d458cd51ee05a39944d371b68a88b7741fe264c89cce1da09659b612dfb6,f44f1df43dcd788b420a5059f3fcabc2a24406830dcc598232343ecfa930e9a4
dedup-0104,bangdream_016_event_278_story_01,bangdream_016_live_event_278_sr,embedding_cosine,0.9994036555290222,0.992,d6d6c0759e5ab309d2473dc2b4696022014e1365e57e3f986197afecc23dac62,7ef595e35a7ae6bed6151ffa66a12f00f31dd3f416a2c93fe9c23d42590708af
dedup-0105,bangdream_016_event_56_story_01,bangdream_016_live_event_56_ssr,embedding_cosine,0.9998296499252319,0.992,9761b75516680cd8d59c0f6830fb4f7aa73ae745717b32971865bb2dd2c8d98f,eafe332ac4995eb37e9c2c501f29bb0e2b54f334fcefd927e508cd640ec93106
dedup-0106,bangdream_016_event_86_story_01,bangdream_016_event_86_story_02,embedding_cosine,0.99838787317276,0.992,8ab87f902c2c5fc183d13cd130165163c2c7d2c91a0a56cd14452b85c716030d,717cd7e2fe203189494d4bb6dfc382aa8295a6c788846a89d7bfe028ffe7d264
dedup-0106,bangdream_016_event_86_story_01,bangdream_016_swimsuit-2023,embedding_cosine,0.9967224597930908,0.992,8ab87f902c2c5fc183d13cd130165163c2c7d2c91a0a56cd14452b85c716030d,538dfe4b53bc3e45cd9fe332687e1471ae78ba5dc2a30b022a95edc390ac342b
dedup-0106,bangdream_016_event_86_story_02,bangdream_016_swimsuit-2023,embedding_cosine,0.9951977729797363,0.992,717cd7e2fe203189494d4bb6dfc382aa8295a6c788846a89d7bfe028ffe7d264,538dfe4b53bc3e45cd9fe332687e1471ae78ba5dc2a30b022a95edc390ac342b
dedup-0107,bangdream_016_event_96_story_01,bangdream_016_live_r_2019,embedding_cosine,0.9997650384902954,0.992,2881d8ca3647acadd6eca44beb83f3b479f5f51db97bca1134186c298aa71519,7c0920745c04b1c73c71312cbc38dbcb9f3aa104563553ffb0c95315f58c3ebf
dedup-0108,bangdream_016_story_01,bangdream_016_story_01-2023,embedding_cosine,0.9969157576560974,0.992,05d6cc040f50e11e25b27e06f7412320837de294702df3e2721abc224cfd0038,ea8778a24bab2f27350cca201e2a81dd016b9ea1290746d7d6df0cf1cec60cbe
dedup-0109,bangdream_017_casual-2023,bangdream_017_casual-2023-penlight,embedding_cosine,0.9993739724159241,0.992,fd1089763f3019786b6829355c0a834c6666e392816453e143df7501f483829c,81f35f0ba9ff67e19371b824f5ed180d3fb565e00abcbe941940b35af51a46e2
dedup-0110,bangdream_017_casual_summer,bangdream_017_event_86_story_03,embedding_cosine,0.9999950528144836,0.992,213d84ce88c0eddb0108834b0c072113927379ddae2cf5d78b1bf2f54bc4bd29,13311bbc6e55dc7c24372fd3be0d74464ed89f7e21f0d980d8754e59953c2f93
dedup-0111,bangdream_017_event_134_story_01,bangdream_017_school_winter_s2,embedding_cosine,0.9995734691619873,0.992,76363bb85c46367c00ae1fb217ef98d18fa68679348531e67831f3ac0db82d49,9997f7513282265f473fd58d26b71d45a7a8cb5fe455c66640b1321a80d97eb2
dedup-0112,bangdream_017_event_195_story_01,bangdream_017_event_304_story_01,embedding_cosine,0.9939478635787964,0.992,fe9eceb8102b4b5513c88579225dab7920daa013022ee1e8b8a1d941d8a22434,ea240b5ccccbabce0bf884e2cc09228ded9c0dfda7217a3de6a6fafde3747149
dedup-0113,bangdream_017_event_216_story_01,bangdream_017_live_event_216_ssr,embedding_cosine,0.9986221790313721,0.992,7a3d13a798d9f78600733e4748c73b58360005fa2fd055695161bb96ad935ac6,061a2f3ce92602000098c7b03520cf8ac39df8cfc87004c82e9cc6c7b122a586
dedup-0114,bangdream_017_event_278_story_01,bangdream_017_live_event_278_ur,embedding_cosine,0.9999762773513794,0.992,8e1ca2c1cca86fb55141739658f4312d12f8d1704d6953190f5e4c938270c2e7,ba3eb9ba5f5ab501d99a9e481f7c561aa0e6189a30f1bf8bdd60269162c2d3cb
dedup-0115,bangdream_017_event_56_story_01,bangdream_017_live_event_56_ssr,embedding_cosine,0.9997222423553467,0.992,e886dfea540046db9591b9658fd60c1ec291ee0090403f9acc875dc8468d0901,1dbb2d54ffa36633a5620c54a86ebc458ed8124de5d22da7f3554dd3bef2527b
dedup-0116,bangdream_017_event_86_story_01,bangdream_017_event_86_story_02,embedding_cosine,0.9988304376602173,0.992,9e063de4d808d2db14f032d61b43c8034a43993bcbd0c95c27647f0a6d9a5027,9c8197aecf5474f8d1ab1952e9af5cdb7c30ea8265ba7df5f5ed5a3665fcb6e7
dedup-0117,bangdream_017_school_summer_s2,bangdream_017_school_summer_v3,embedding_cosine,0.9990500211715698,0.992,075858739a9f7bced21235f37343702cbe0ba93aeff2394b2b8ce1bbf9a16d6e,5e63c0ac1904945495d3d07f21fcbbaeb104eb35ed80bdb9f6235679527fafc6
dedup-0118,bangdream_017_story_01,bangdream_017_story_01-2023,embedding_cosine,0.995381772518158,0.992,16c7822b456992adc2c2388122e64c0eb77ca02b04ff0e2a9e56dfde87351d4d,66b818958cd7de51323fb8d6948b879baee15c4fa1923752c28b2ce6d4ba7c6f
dedup-0119,bangdream_018_casual-2023,bangdream_018_casual-2023-penlight,embedding_cosine,0.9986680150032043,0.992,2a8a9a9b2c5a46b055e47b2fdaebcdc60c3f6ddc7935af280ffc7401d4852bfe,c75098747d3c3995098da8e2cde7c458f988de3a9d22927fc36d1c17038dfe28
dedup-0120,bangdream_018_casual_summer,bangdream_018_event_86_story_03,embedding_cosine,0.9999898672103882,0.992,56dde64f85c71bf633c83d9d7dce5c952500f7de83f13f164713e4e5f357d289,6a54c445725c3df2a3edcd2d5f2595c6a86350755ae18ad8fc02ace3ca185f3c
dedup-0121,bangdream_018_event_216_story_01,bangdream_018_live_event_215_ssr,embedding_cosine,0.9997290968894958,0.992,69680c4bcbd025a1927c3ab0d1f8c0a3b5c2f8a3bb8b4af3e025e146716ab6d7,08f725d0755210b87b70845cfd3d458c28f4ebd16b59df1c30d2bd19c1e1302a
dedup-0122,bangdream_018_event_278_story_01,bangdream_018_live_event_278_ssr,embedding_cosine,0.9999513030052185,0.992,b9764f2de2a7446c6dd71ac4afdcf02d0c3fc5e2051e1f0f4febd9c5e7109be4,6590e9c9f437cecb6d21b5d75a5a4b1998517f5107fe28b5a7d14ee81447415a
dedup-0123,bangdream_018_story_01,bangdream_018_story_01-2023,embedding_cosine,0.9949735403060913,0.992,ad43ef525134323ceca86c3a3c86afb50761df86c0728876d1945885f3b69568,93fcb427ed2c3811fb21a84071a02dfbffd659641980fdaf646c677fd98d6fb2
dedup-0124,bangdream_019_casual-2023,bangdream_019_casual-2023-penlight,embedding_cosine,0.9998458623886108,0.992,244dee6dc353d04154fdffe7310788c78b1e58ec0f7560718bf859d22b997bfb,07515e2704fb0a3ad0a4ae22d675fbbec1f17088154e7961a3940b66d3b9c450
dedup-0125,bangdream_019_casual_summer-2023,bangdream_019_event_226_story_01,embedding_cosine,0.9996285438537598,0.992,0b34b766fc34f741db360f4a30b847f30e882bf9acaa68318e4837f783dc925f,837e91e78482e48fb45908aff8cc9d0641dbfc953b9eabaecca44753c2da117a
dedup-0126,bangdream_019_event_216_story_01,bangdream_019_live_event_216_ssr,embedding_cosine,0.9995185136795044,0.992,82dd12febbb5e8d6a96a3d6530c42a233a74c51eb1e15bcb7997bb05073f35a1,a66ac5be812b12cd1bf1e859c480a711a8fafe301d509fc4cd63cd03a0e69a28
dedup-0127,bangdream_019_event_278_story_01,bangdream_019_live_event_278_r,embedding_cosine,0.9999767541885376,0.992,c440f6a119abe198894b032367d8f3955b2ec312456cfb4d5a5bde1e40106e92,923e7fe2fa07dbdd312d27d3a0ba89b0af15145063bbe2f2edaf9ecac2089eb0
dedup-0128,bangdream_019_school_summer_s2,bangdream_019_school_summer_v3,embedding_cosine,0.9979637861251831,0.992,8eb11811ac8b92bc7709ee8b69f1de99324ac38992c405368d4572b0384857ee,61b5c4e94042206771e6c082c7bd579a05405a307cb1674b9f383d6f6e8cf47b
dedup-0129,bangdream_019_story_01,bangdream_019_story_01-2023,embedding_cosine,0.9950422048568726,0.992,7e849912bdfcfaecdaf7e61b7f0b95ef2c100159dfc71df2b611258f43994a29,90cd665c8c3db2a34134529197fa85fcd6cac05eda3e763c4ed8b8987e782c55
dedup-0130,bangdream_020_casual-2023,bangdream_020_casual-2023-penlight,embedding_cosine,0.9996623396873474,0.992,eb46b60f4e9ea83cb11e22dc8d9e28e3a50f7088d57b58e095ba0a8b07f5745b,575dba2c356fe0d51244baa9a67252f2f5f53cabf0281e938e0f556c99f67f6a
dedup-0131,bangdream_020_casual_winter,bangdream_020_event_65_story_01,embedding_cosine,0.9997016787528992,0.992,ee1a8faf990d441ce456529f89b69b7399f552fa22ce8e177e72950983d2a36b,4efd9d766c8e3b6b10d3dc2f065c6c280e3545246fe60249a297570716b2b9f9
dedup-0132,bangdream_020_event_143_story_01,bangdream_020_live_r_2020,embedding_cosine,0.9984663724899292,0.992,ccceeb698be24ef4b2851eb04e752dd7569d0c30bae7a6ce2774ab0a7533fd14,de1518d7186184b482285731ebe2a0e7759c7e259fe20618fb7f2f6e8f4f47e0
dedup-0133,bangdream_020_event_195_story_01,bangdream_020_yukata-2023,embedding_cosine,0.9943035244941711,0.992,511aa0ef53299f39a36925ec800a138458786a590a28846f922d65859c061114,369a2b245f42ced3084fba0661630d6f21d0eddd5ef40306f8d9190fc9319bdf
dedup-0134,bangdream_020_event_216_story_01,bangdream_020_school_winter,embedding_cosine,0.9992235898971558,0.992,9297e1126bafd6aad3f5222cc7177aee4d3bb953274ebb4566a89547fe713340,f15ca4d6aeae4ffb59ea6e6047f3bf4a369ca1b2e4009fe3278ecde2269d2c74
dedup-0135,bangdream_020_event_278_story_01,bangdream_020_live_event_278_ur,embedding_cosine,0.999999463558197,0.992,94ea979ce33b455bb6135d8fb76b2161d0759e20d77453226b3d7da1e3481076,88da57d7495378fd6c3f0e2fb21fe526dc1d2d8d06de2629e06f636ea3bdf145
dedup-0136,bangdream_020_story_01,bangdream_020_story_01-2023,embedding_cosine,0.9940327405929565,0.992,8316e44a99621f396913a5c4d34a5a422a7a3fd76c4a19be8db7da4fb27ae281,a36f98c68973a9a3bd76805dd762d71cfad862bcad5be0386d3a3ce02a9bd5ec
dedup-0137,bangdream_021_casual_winter,bangdream_021_event_105_story_01,embedding_cosine,0.9999605417251587,0.992,653ad28ebe8ea70f9e9fb6b9150d09fc019b77e9e707833c7db9637f37b76385,b008a67a8c5bfcac30151d788889483fc4704f453bf28f283b2f8e32f5cd4760
dedup-0138,bangdream_021_event_105_story_02,bangdream_021_school_winter_s2,embedding_cosine,0.9998082518577576,0.992,42eea7a6d5f614049250be1a2a0f579fdc695c9110e20ed4dbde16e7d84948c2,ee48adebd54ec68b6dd2bdefd4af6dd11bf4d6b53923d7bc55cf5f70d4cc9e1a
dedup-0139,bangdream_021_event_216_story_01,bangdream_021_live_event_216_ssr,embedding_cosine,0.9988124370574951,0.992,646a62e664e3d6dabd51321a57f8938319da5c1c56fe78fbd306c3a7b4113199,4c72ec85a2d68f02314429dab69712e45beac76b6a195cacebbc6948a6f41f59
dedup-0140,bangdream_021_event_52_story_01,bangdream_021_swimsuit-2023,embedding_cosine,0.9941537380218506,0.992,860cd53d93cfe04c0cbb36d3ef10422f0b56e546209202b091b590dfdf76e809,6b1eb9f0c78971b5f7848fcc1129aca00c79d883b3bd69428f12d33fc79351ff
dedup-0141,bangdream_021_event_89_story_01,bangdream_021_live_r_2019,embedding_cosine,0.9999503493309021,0.992,395b87f02bce77a17007498aa869bcb67df4d458ca3778d052f5d53512f1a9a1,41ca3795dfceb750bb43b0266d0260a2bd3389b52990d650b5553fa5d4a65578
dedup-0142,bangdream_022_casual_winter,bangdream_022_event_105_story_01,embedding_cosine,0.9999655485153198,0.992,d800f9a93c26d34a686d15cfc079d1de552919b1254d7e8f898c12a0b9c91fd7,b55afd49abdd51887de1c83b2d3ef0df85efa8262259c9b17d49a7ea6724a5fa
dedup-0143,bangdream_022_event_216_story_01,bangdream_022_live_event_215_ssr,embedding_cosine,0.9996340274810791,0.992,f95010660eca66cc2860c79040f9b535069beba6f27d9f32f3c4d2727efbbe75,d996c3a90249f6933cd780cd6caa2c9b4224c36b53e45305f21c2d8b3a716570
dedup-0144,bangdream_022_event_227_story_01,bangdream_022_live_event_227_ur,embedding_cosine,0.9994808435440063,0.992,df7b2af86e12711d822e9f4653ab0cb29a8cf8e3f1e1b6dee7dd201cf61a1965,8bd79093c68af8b8a40772c1919d94ae36f2cd87380496086c276dc7b9cece04
dedup-0145,bangdream_022_event_52_story_01,bangdream_022_swimsuit-2023,embedding_cosine,0.9935200214385986,0.992,98420984c5b5b118a21deb9f3e7662a715fb3916e1d80ef476301c6182ac2dcd,31f872c26b932aeebad35531577e43df7833ae423308b9cb68bb273828194e2b
dedup-0146,bangdream_022_school_winter,bangdream_022_school_winter_v3,embedding_cosine,0.9984979629516602,0.992,1ef5d11913a235525091f0bc7593e7ed479bc0467904e6d31e07dc81d0baf09d,5a4448ae2910268e86179c4641df7d0293f46193f92e3b991b78561672ab4432
dedup-0147,bangdream_023_2019_furisode,bangdream_023_2024_furisode,embedding_cosine,0.9958868026733398,0.992,ae506304e19de1dd2b110bd814aae83ccb34e0b165a5a0161f070128238ccdcf,7a1d0e0bbd08c6bb9cac73a7678ba6dc624be840d24dd0ea84c08fa669d87d8b
dedup-0148,bangdream_023_casual_winter,bangdream_023_event_105_story_01,embedding_cosine,0.9999718070030212,0.992,0a51934ad03c2c64cd8b238ee794ab71d903a9ebc39f4b6081c7fba1d16312c5,34f8e6d2471ffac11ca0a6e9863a39e414c641a8f953c5d06648edbb1fc33440
dedup-0148,bangdream_023_casual_winter,bangdream_023_event_93_story_01,embedding_cosine,0.9999371767044067,0.992,0a51934ad03c2c64cd8b238ee794ab71d903a9ebc39f4b6081c7fba1d16312c5,f295fa71e045ec30f4b33bd991afbd52f20c148a25c45ec6ce3a261785dc62d4
dedup-0148,bangdream_023_event_105_story_01,bangdream_023_event_93_story_01,embedding_cosine,0.9999237060546875,0.992,34f8e6d2471ffac11ca0a6e9863a39e414c641a8f953c5d06648edbb1fc33440,f295fa71e045ec30f4b33bd991afbd52f20c148a25c45ec6ce3a261785dc62d4
dedup-0149,bangdream_023_event_156_story_01,bangdream_023_school_winter_s2,embedding_cosine,0.9994971752166748,0.992,cca3e2d60aacd6cb7a28484273fb5096063fc8bfc44c32d1b370e27ebb3a53c5,7d1d629bf9337b97b019e6542f07ed557b5501133cd8e8623e76d8558bdbded6
dedup-0150,bangdream_023_event_216_story_01,bangdream_023_live_event_215_ssr,embedding_cosine,0.9989181756973267,0.992,d925ea3deb62756bc3953956e858e5b989dfb5bc5d3c15c9c2fad2a7a535653b,c26e20ba6e6d05ec3f323999006c5839eff81a91915f3159d53ea7f84be5c70a
dedup-0151,bangdream_023_event_81_story_01,bangdream_023_school_summer_s2,embedding_cosine,0.9993736743927002,0.992,a78f9947c0a333a8fd78722229cf361f481e4f32c7599b83176d25a9992fbc82,333ef23fc975fc684b2cae95a5fc21a4c41551fbd97dc493da5a60273ca778a5
dedup-0151,bangdream_023_event_81_story_01,bangdream_023_school_summer_v3,embedding_cosine,0.9999309778213501,0.992,a78f9947c0a333a8fd78722229cf361f481e4f32c7599b83176d25a9992fbc82,321f097e166484243b18d4b4da1fbe9e6e74224a958162308b5c988aa58932c5
dedup-0152,bangdream_023_event_89_story_01,bangdream_023_live_r_2019,embedding_cosine,0.9994124174118042,0.992,f3c44a6c729f901d7671a6a8196a5a48f2643c328404572becfdbfc74ef2ca2c,c4f10be54778dc66ec63f2d02ba8ebdbda6e76676b426623cba31211d6ee4a55
dedup-0151,bangdream_023_school_summer_s2,bangdream_023_school_summer_v3,embedding_cosine,0.9994479417800903,0.992,333ef23fc975fc684b2cae95a5fc21a4c41551fbd97dc493da5a60273ca778a5,321f097e166484243b18d4b4da1fbe9e6e74224a958162308b5c988aa58932c5
dedup-0153,bangdream_023_store,bangdream_023_store-2023,embedding_cosine,0.9951050281524658,0.992,243a7c46d25993c6de7362a48c47e7a5bd7923db0df370a8be46517cbb772b90,d6dc2723f5b72eb5fb11270091bde22af2f664b54548c3c1cbd80d23b2328d0d
dedup-0154,bangdream_024_casual_winter,bangdream_024_event_105_story_01,embedding_cosine,0.9998162388801575,0.992,02b9398b9794dda811411474eb93462367b033406f7a2b82afef1aefd2cb2b42,23847adaba926283265b23b9a79bafc565f464c74d70a1dc42954b0676707de1
dedup-0154,bangdream_024_casual_winter,bangdream_024_event_97_story_01,embedding_cosine,0.9982667565345764,0.992,02b9398b9794dda811411474eb93462367b033406f7a2b82afef1aefd2cb2b42,0170dfa8aca3c9093724052a12bea81113b5cc10e7185e9978bdd18ca0d7a3b3
dedup-0154,bangdream_024_event_105_story_01,bangdream_024_event_97_story_01,embedding_cosine,0.9981579184532166,0.992,23847adaba926283265b23b9a79bafc565f464c74d70a1dc42954b0676707de1,0170dfa8aca3c9093724052a12bea81113b5cc10e7185e9978bdd18ca0d7a3b3
dedup-0155,bangdream_024_event_156_story_01,bangdream_024_live_event_156_sr,embedding_cosine,0.9999603033065796,0.992,e870fe4feab06c47e01cd18b1f8d0002e44af1214369347a7e92d9e47ebc6d6c,dc6155d7131d877a7b3cc7076b30b981c770932cb5d0ab6589fef130ffc21840
dedup-0156,bangdream_024_event_216_story_01,bangdream_024_school_winter_s2,embedding_cosine,0.9986957907676697,0.992,2378e74816f9d105424404522b2008f117019f5732cb6ccc0c80bf4d1b6fbce7,c23bc59a322b3aaf97ab656df14c5f3335b3ef18514b25685aebb1dbf7323b90
dedup-0157,bangdream_024_event_236_story_01,bangdream_024_live_event_236_ur,embedding_cosine,0.9996984601020813,0.992,532db369f6ad49cc5ac7b96651fa702b5850f056c086df66a9dbf0d71c75da97,5acb6ddcef6c85731d1949bdfd0e01da1956711a837ab4d7db629f0948d9d0cb
dedup-0158,bangdream_024_event_89_story_01,bangdream_024_live_r_2019,embedding_cosine,0.9995944499969482,0.992,f5727f93263128b303dc35e62772183b04b78afc6a699877731406dd803cea84,40a7aa9135225c031035419dade13b16039a2c755e33b48e011f635fbe0495ef
dedup-0159,bangdream_025_casual_winter,bangdream_025_event_105_story_01,embedding_cosine,0.9995687007904053,0.992,30be263da8668db95d223918c10431b01cad9de4ba48d1b0fd6e0ac0200fd990,9db03274be68bf44e68c70fce825ba5a0bb80acdfccb8c6393db2b32a8e185d7
dedup-0160,bangdream_025_event_216_story_01,bangdream_025_live_event_216_ssr,embedding_cosine,0.9989281892776489,0.992,39000f74fb7577d2f407c5725d4cc27a45335816e549ab1a389d53bf5f3de174,8b37b600aa564af0345197fe51d9bddb422d2a086fda8eae872da50cc79d09f3
dedup-0161,bangdream_025_event_89_story_01,bangdream_025_live_r_2019,embedding_cosine,0.9995019435882568,0.992,c25a85c474ea0b1ced9ac519d2073ac51e83d517ddd5d2850cbd1a03e76e39a6,de9042ee5f66caa906cc83c8757debc9e5d9b568d1e71d671d25a4dc6e6855dd
dedup-0162,bangdream_025_fantasy,bangdream_025_nfo01,embedding_cosine,0.9924198389053345,0.992,78e3baf2d7f6998f22d43014abe3a3c4b31c8a71da48e893544f566fa650d802,3fd6a82a1fa5dd007213cd723162bfbfde4c2f2e3fdeef553169e61cccc3c146
dedup-0163,bangdream_025_school_winter,bangdream_025_school_winter_v3,embedding_cosine,0.9993246793746948,0.992,97bf042c06e405b0ba4eea0fbf638e51d898078b031820cb3f8c06be5ee91345,94d680442aee87d0094e7cb3d08283a5e2d4c24fa255fbcc9b81fa27f0263abe
dedup-0164,bangdream_026_event_132_story_01,bangdream_026_pajamas-2023,embedding_cosine,0.9948112368583679,0.992,4dfd55c9ee886c554b079bb9139331572aaa2f95bb34c7faa89090623a6b3aae,408db9b024b734426ce0ad251e37ff12424e41fce85620681e747d68b7896031
dedup-0165,bangdream_026_event_194_story_01,bangdream_026_swim_swit,embedding_cosine,0.9952523708343506,0.992,069df12860ebabf6e7145d7af0cef0edd18e565c466c7b73f3e8bf08afeebd90,e8ca25556557168cc20b3e9015704c53b5e1cb0a3041a70ca83ed3973f75e090
dedup-0166,bangdream_026_event_203_story_01,bangdream_026_live_event_203_ssr,embedding_cosine,0.9994275569915771,0.992,b0974b690ba200e02b4b148f2ac1ec92812fa2137e7055bfa50181891e297667,3f161461ceb785d067bc1dcece734f367245da1e8634197e4f35b87d9a8d4b50
dedup-0167,bangdream_026_event_272_story_01,bangdream_026_live_event_272_r,embedding_cosine,0.9989928603172302,0.992,ee3113fef4adcca9ccfd25db2fc3d049fe35bb69f018e50055ef6d4d8142f052,6a007347312c86c20a09be1d2e8a9373d0b615af50fdedda42ecbb7bf1fe436b
dedup-0168,bangdream_026_school_summer,bangdream_026_school_summer-2023,embedding_cosine,0.9968686699867249,0.992,c8d50904deabae38a8a36fa16efae2677139f128c781e48eb58293de73834469,59b36862d080f06879c445d9e8debbef852e1659d15c16b017b0b7e8d55fdf36
dedup-0169,bangdream_026_school_winter,bangdream_026_school_winter-2023,embedding_cosine,0.9960894584655762,0.992,229546567649aa9a0fb1164fb248898eb3804b99ed8e9d9bfb08909c71f77db6,8a693d4cb7e75c234be865c9be1952dad29ddafd2632bf05551d2547d8666308
dedup-0170,bangdream_027_2022_furisode,bangdream_027_2024_furisode,embedding_cosine,0.9950733780860901,0.992,93fcc8c9e68bb5338d6af5d43e9838efd28d39a8e4f9d184d436a36de97ffc13,d9a10121428e07f63eb4e92e2d30a6c513dabd95270196b47dd1a4689bfdb50e
dedup-0171,bangdream_027_event_194_story_01,bangdream_027_swim_swit,embedding_cosine,0.9942808747291565,0.992,9880266a80d193801ae2fb32ac4ee9cf24a75c7328169db13f4294aab30e22f0,83410ea7181641638b62c98eb1cfadc4ae5521e3745a343e74532587eebceb6a
dedup-0172,bangdream_027_event_203_story_01,bangdream_027_live_event_203_sr,embedding_cosine,0.9983120560646057,0.992,b27b77dfdc6a86d4275053322295238b8bca63cc13f5c0279f7f5f7a2bdcc3d3,c1fb41877b6e6b30585bb397cab7a3164afe3649eb3ae3e54bbbb3225c31002d
dedup-0173,bangdream_027_event_227_story_01,bangdream_027_live_event_227_ur,embedding_cosine,0.9998953342437744,0.992,48ea42a01fdeb5fce3311a1495bab3ca782164bc5b6321f8ebe68dc8eb85c9b7,5dc0f2f51f60690b608742587667bb8859ea76b7fe44bceec7a60c0d88d62b55
dedup-0174,bangdream_027_event_272_story_01,bangdream_027_live_event_272_ur,embedding_cosine,0.9969786405563354,0.992,f3d0177b7ecfadc7bc402ba37f385fbca4b074922c3e7ed3765fcffcf73562cf,2b85b618dd252d6c6d7eae5c448c88b36637e24957d59a68f212034a43928b61
dedup-0175,bangdream_027_school_summer,bangdream_027_school_summer-2023,embedding_cosine,0.9949016571044922,0.992,aa11aa37b76bb948def34a57734a695e5d468672f8bf198edb4fb0f303527b61,003ad05d378ea9acfbef957e395f56895d8eab822aa57d96ab3abe1b668dd40e
dedup-0176,bangdream_027_school_winter,bangdream_027_school_winter-2023,embedding_cosine,0.9944775104522705,0.992,9b47b94c48c5b4f16ebb6d499a76dcc62ccd8a302fa19c9e9fa629746eb3c9a1,5b252786811fb052fb1610e1d9d534624d5dc922537b014945b67986238a8827
dedup-0177,bangdream_028_arbeit_2023,bangdream_028_event_157_story_01,embedding_cosine,0.993649959564209,0.992,9ea73e60d3f0ca34ae9268c17b93a7f143d0f79b7b22a711bf234ee61ee5766d,15d30463e2b4aef0b60ed947db68197816db28cdd146bc268fbd4db8725d005f
dedup-0178,bangdream_028_casual,bangdream_028_casual_v3,embedding_cosine,0.9985556602478027,0.992,ed8dd75488ade836b314e0dbd1a32fe16d3822f5e9e7b3a43c4670e79ef003c8,e9f825ad6b55a351454da08974ca07ce7778004662093baef7dffd24d9150b45
dedup-0179,bangdream_028_event_194_story_01,bangdream_028_swim_swit,embedding_cosine,0.99205482006073,0.992,fac7d683f7c785f25af3d82111fa6e765037daffc975ca1de04e4785748a3bcb,d9d5dfd3f8d3d0293e068b9ea2ce7fa3d64dfa5317a0f9618ad81c10b86855c5
dedup-0180,bangdream_028_event_203_story_01,bangdream_028_live_event_203_sr,embedding_cosine,0.9985713958740234,0.992,897f0e063ddf5c5ac5ff49bfb3e6873053660a575bcb5888dbe62909dea54388,d33b2cbdc026ddca2270c13985a3af469e2661bd6423dca8e17c9cb54dbdcbca
dedup-0181,bangdream_028_event_272_story_01,bangdream_028_live_event_272_ssr,embedding_cosine,0.9986501932144165,0.992,b7b868ea093b0b837ea4a847ca3c6113a012c7c9c37c337f5be5c25df2d8d5a0,f95434efd7f2f72cc05159d1bb1edfbf8288bca56adc425bee9a34bc965ee3c4
dedup-0182,bangdream_028_school_summer,bangdream_028_school_summer-2023,embedding_cosine,0.9945511817932129,0.992,bd7c462b6f4723a0bd7569de68434c904f54c51ada06f39c6e79398d8eb0def5,55015ce7072f69129ee89f2646991ba05d9172baf9259e6541dfbb651cfc2d0a
dedup-0183,bangdream_028_school_winter,bangdream_028_school_winter-2023,embedding_cosine,0.9954757690429688,0.992,844369d28a2ab1213f02b9dc6b0bdd559af023d0e0d454135cebc383e2818cb5,659b2195d873b9f954ba2d6e1a5dd9459f91417239c3868d1f32d7f40a7784ae
dedup-0184,bangdream_029_arbeit,bangdream_029_arbeit-2023,embedding_cosine,0.995121955871582,0.992,b56f17b0696b1af21a8d05b6ffc68d0a97ffbfc29240eac754ef1b6f7b1843ef,37c222f0dab4dfea0cf3e35f6086457143605060cbe0742a2e92b3e4de0ee2fb
dedup-0185,bangdream_029_event_203_story_01,bangdream_029_live_event_203_ssr,embedding_cosine,0.9999681711196899,0.992,1a0696836a18cccf90c725e7860012763ef89d876cb1f2f75ae90db6e9e2166a,698fc1c76b077a3ff79bfcc7b4d0a903c04505aeb692f8622cc25e8605237560
dedup-0186,bangdream_029_event_272_story_01,bangdream_029_live_event_272_ur,embedding_cosine,0.9968885779380798,0.992,0f149407b10196a2fe3c08ac6b5c4a5597316860f91cf28995cc943ec8dae178,c9aa837d740163b021a50c2d3ccf77b5ab331bdb99ba5986430612202df9f626
dedup-0187,bangdream_029_school_summer,bangdream_029_school_summer-2023,embedding_cosine,0.9943570494651794,0.992,1257f064c72864e21c140035969e5c0875fc74a788f91e9d5187944c5f475b63,f858e357aa65077b970a4125c7dd168d25b5217c52f6c91ebfa58b1ac7e632e1
dedup-0188,bangdream_029_school_winter,bangdream_029_school_winter-2023,embedding_cosine,0.9955841302871704,0.992,7e9ac42a2e3821205880ef4ece0646ddb94dd43cf769e931334686ef1152d2b2,3bfb70c3b2a6cbde477e4b2d49aab56432083f53dda18394b4d399740ba32e99
dedup-0189,bangdream_030_event_194_story_01,bangdream_030_swim_swit,embedding_cosine,0.9923484325408936,0.992,b027bda6d73a1628dddf535bf93f87cdf35eda84ed9fc3901e8517cd03ca8b64,a27667ad7cfe2ab12a796798f2fe4230542a782b15a14de8d1fb63fb2aff789b
dedup-0190,bangdream_030_event_203_story_01,bangdream_030_live_event_203_sr,embedding_cosine,0.9998460412025452,0.992,75e742b81c67405c25dd4effe7ee3aef94841c34dd90e379833e56c06fbb882c,e90b02f190f2481d149543511b0619e3bc9618b630d23b5041b628b4056a163f
dedup-0191,bangdream_030_event_227_story_01,bangdream_030_live_event_227_ssr,embedding_cosine,0.9992830753326416,0.992,f7b5b0a332768d00a1b0a55ebdab0558b54acb887d9f7d00e99a5f813aa1d932,8502414e92d66ea9832505173646eaedd69bc8d15e8ea2e25ec4d7def7107376
dedup-0192,bangdream_030_event_272_story_01,bangdream_030_live_event_272_sr,embedding_cosine,0.9978617429733276,0.992,ea1e4932b16f6a74c5b50f7ea9566271b749eb5a25d3c824c192800e0f2d0ca4,afa210ac1b74b27779dac24ff98781bdbe8c0da3a0f68452985f857eab8e75f3
dedup-0193,bangdream_030_school_summer,bangdream_030_school_summer-2023,embedding_cosine,0.9944807291030884,0.992,66c1849dd1eb9e49abe15ebcbc62aab11bd37b52489e77faefee6ba61abfcc74,244c5cef9197c91aa7537f2315b3167284138de090f1e4bb97432b58219bb942
dedup-0194,bangdream_030_school_winter,bangdream_030_school_winter-2023,embedding_cosine,0.9942058324813843,0.992,f5e40b2bc9cf226c55b262508ccdfc86fdc19a74bf121d7177bbe978f4e175bd,1356626f1cf7b8ecf6401e4bff5154594c215579d91739953842b61641f25bc1
dedup-0195,bangdream_031_event_308_story_01,bangdream_031_live_event_308_r,embedding_cosine,0.9976901412010193,0.992,d033a3a1d4b1427285cdccc98bb2da4bc424ce22643959dd0d1347465e3e5df9,008af845b598954b2b4859f3f54d5c948a3ff5e59ee69b9404e6a922de4a4879
dedup-0196,bangdream_032_event_128_story_01,bangdream_032_live_event_128_ssr,embedding_cosine,0.997583270072937,0.992,eb26def51c657b32cd9abe5e3253644b490867be154bb06114ea1d5f421e7dcb,af9c9d2f6fe6d7e994c770979f991edf05f7a14f3237f97a6fd0bb57d6296674
dedup-0197,bangdream_032_event_187_story_01,bangdream_032_live_default,embedding_cosine,0.9997137784957886,0.992,940084ab36fc0e03de08f7dc809ec7d5e3dda4f50e10e8830c1f069118745b45,ca1de4595c0f6ab61c60c5a4d1388f8d819fe17804d22d3e40f85af184436d1b
dedup-0198,bangdream_032_event_216_story_01,bangdream_032_school_winter,embedding_cosine,0.998199999332428,0.992,2b63b0b6100b2bb7619155619eeed6eb8bcea71fa260a2add90f01ec25e2a0a4,400022b80577177955574ff6ceb5fa35a8305e8a5ba8f1924a3a65908ef5c35f
dedup-0199,bangdream_032_event_308_story_01,bangdream_032_live_event_308_ur,embedding_cosine,0.9998375177383423,0.992,491fe3e2b648a6208f156e4f7c0a41e9fb279b0e4da6c1e8c36ee8729c38a9dd,ab9ceff6b6c9cd3cf20834a7c74a3d9544e227226a4079f193f3275a979b2b1d
dedup-0200,bangdream_033_event_236_story_01,bangdream_033_live_event_236_ssr,embedding_cosine,0.9998512268066406,0.992,bfc50e6b17b25cdab1faaa4fee6c775288bfa0e223467dbb8f4c1e0ffa6b29c2,c7670e8a9a08e35644ed7d9d57ab7c7d80334097be84751271e43978ad508334
dedup-0201,bangdream_033_event_308_story_01,bangdream_033_live_event_308_sr,embedding_cosine,0.9995030164718628,0.992,83a29322aeb045fc2c1c1e2b9e1a7e6f31e227dadd003957e9de14ec68c1b0f1,062ee437a7a23c44a53f0de53ef619b3dfb7fdf8567c7fa7812469fa0ec1a7b4
dedup-0202,bangdream_033_school_winter,bangdream_033_school_winter-2023,embedding_cosine,0.9958633184432983,0.992,3ff7158654d1f0ded12b2b4a268abd7a75e054d874843cf1bcf1b7f5d5d21273,b05eaf64559d54b115b8c6f92957b108bc28f4979bbb2eccedffcadeb4a1e95a
dedup-0203,bangdream_034_event_308_story_01,bangdream_034_live_event_308_ur,embedding_cosine,0.998059093952179,0.992,61618d1ef02dff10371505a111c46f3679993566fdefd79314e2bf5879b474c9,1b83eb1b46182e0cbad04e8a04e42d960317947f7cc61b2b7faceb1bdfdc7ea3
dedup-0204,bangdream_034_school_winter,bangdream_034_school_winter-2023,embedding_cosine,0.9966475963592529,0.992,77d47ac86cc1dad228856a27c12d3cd297d14aff4a808404d9712334184b9858,8ec9aabac5c43c3cf5caf5d412fd1e87cf13a57e98a34630beaa727ec71e70cb
dedup-0205,bangdream_035_event_308_story_01,bangdream_035_live_event_308_ssr,embedding_cosine,0.9990388751029968,0.992,ddd61d2587e4b1e51985d1f284d5ccdd738d3821d3a3237e7b43a19264e5ddf4,7abc5aa5a0dfea2599cf1016b3e171caf2b67de9421dadac56ed9fb26e1d8846
dedup-0206,bangdream_035_school_winter,bangdream_035_school_winter-2023,embedding_cosine,0.9959515333175659,0.992,6046ed0bf55bc0d725f19f2ec8709cdc0d9cfb85a9d5c7c5ff3115fa1369ba3c,006f798bcbdbdbac943e4d8e670d0df88dd81e92bb2d4e74ee433406b01798ae
dedup-0207,bangdream_038_birthday_2024_ssr,bangdream_038_live_event_287_ssr,embedding_cosine,0.9976218938827515,0.992,94ed42b89c25bcabc26f465bc1372fb62bfa92b3b9502af501b5049bf21fde08,ec04c978ac771707d1fe4f764a77f2c16327f32c90df3d51aaf049cf9a31f41b
