cluster_id,representative_key,member_count,members_json,dedup_method,threshold,min_similarity,max_similarity,member_similarities_json,representative_reason
dedup-0001,bangdream_001_2019_furisode,2,"[""bangdream_001_2019_furisode"", ""bangdream_001_2024_furisode""]",embedding_cosine,0.992,0.994621,1.0,"{""bangdream_001_2019_furisode"": 1.0, ""bangdream_001_2024_furisode"": 0.994621}","prefer usable pool candidate, then current_pool, then lexical key"
dedup-0002,bangdream_001_casual,2,"[""bangdream_001_casual"", ""bangdream_001_event_147_story_01""]",embedding_cosine,0.992,0.999257,1.0,"{""bangdream_001_casual"": 1.0, ""bangdream_001_event_147_story_01"": 0.999257}","prefer usable pool candidate, then current_pool, then lexical key"
dedup-0003,bangdream_001_casual_winter,3,"[""bangdream_001_casual_winter"", ""bangdream_001_event_102_story_01"", ""bangdream_001_event_65_story_01""]",embedding_cosine,0.992,0.999105,1.0,"{""bangdream_001_casual_winter"": 1.0, ""bangdream_001_event_102_story_01"": 0.999379, ""bangdream_001_event_65_story_01"": 0.999105}","prefer usable pool candidate, then current_pool, then lexical key"
dedup-0004,bangdream_001_chapter0_pajamas,2,"[""bangdream_001_chapter0_pajamas"", ""bangdream_001_pajamas-2023""]",embedding_cosine,0.992,0.993594,1.0,"{""bangdream_001_chapter0_pajamas"": 1.0, ""bangdream_001_pajamas-2023"": 0.993594}","prefer usable pool candidate, then current_pool, then lexical key"
dedup-0005,bangdream_001_event_124_story_01,3,"[""bangdream_001_event_124_story_01"", ""bangdream_001_event_160_story_01"", ""bangdream_001_swimsuit-2023""]",embedding_cosine,0.992,0.993078,1.0,"{""bangdream_001_event_124_story_01"": 1.0, ""bangdream_001_event_160_story_01"": 0.999217, ""bangdream_001_swimsuit-2023"": 0.993078}","prefer usable pool candidate, then current_pool, then lexical key"
dedup-0006,bangdream_001_event_128_story_01,2,"[""bangdream_001_event_128_story_01"", ""bangdream_001_live_event_128_ssr""]",embedding_cosine,0.992,0.998517,1.0,"{""bangdream_001_event_128_story_01"": 1.0, ""bangdream_001_live_event_128_ssr"": 0.998517}","prefer usable pool candidate, then current_pool, then lexical key"
dedup-0007,bangdream_001_event_216_story_01,4,"[""bangdream_001_event_216_story_01"", ""bangdream_001_school_winter"", ""bangdream_001_school_winter-2023"", ""bangdream_001_school_winter_v3""]",embedding_cosine,0.992,0.996348,1.0,"{""bangdream_001_event_216_story_01"": 1.0, ""bangdream_001_school_winter"": 0.998655, ""bangdream_001_school_winter-2023"": 0.996348, ""bangdream_001_school_winter_v3"": 0.998603}","prefer usable pool candidate, then current_pool, then lexical key"
dedup-0008,bangdream_001_school_summer,2,"[""bangdream_001_school_summer"", ""bangdream_001_school_summer-2023""]",embedding_cosine,0.992,0.996868,1.0,"{""bangdream_001_school_summer"": 1.0, ""bangdream_001_school_summer-2023"": 0.996868}","prefer usable pool candidate, then current_pool, then lexical key"
dedup-0009,bangdream_002_casual_winter,3,"[""bangdream_002_casual_winter"", ""bangdream_002_event_102_story_01"", ""bangdream_002_event_99_story_01""]",embedding_cosine,0.992,0.999448,1.0,"{""bangdream_002_casual_winter"": 1.0, ""bangdream_002_event_102_story_01"": 0.999455, ""bangdream_002_event_99_story_01"": 0.999448}","prefer usable pool candidate, then current_pool, then lexical key"
dedup-0010,bangdream_002_event_140_story_01,5,"[""bangdream_002_event_140_story_01"", ""bangdream_002_event_216_story_01"", ""bangdream_002_event_99_story_02"", ""bangdream_002_school_winter"", ""bangdream_002_school_winter-2023""]",embedding_cosine,0.992,0.995129,1.0,"{""bangdream_002_event_140_story_01"": 1.0, ""bangdream_002_event_216_story_01"": 0.999571, ""bangdream_002_event_99_story_02"": 0.99925, ""bangdream_002_school_winter"": 0.999783, ""bangdream_002_school_winter-2023"": 0.995129}","prefer usable pool candidate, then current_pool, then lexical key"
dedup-0011,bangdream_002_event_160_story_01,3,"[""bangdream_002_event_160_story_01"", ""bangdream_002_event_50_story_01"", ""bangdream_002_swimsuit-2023""]",embedding_cosine,0.992,0.995175,1.0,"{""bangdream_002_event_160_story_01"": 1.0, ""bangdream_002_event_50_story_01"": 0.99999, ""bangdream_002_swimsuit-2023"": 0.995175}","prefer usable pool candidate, then current_pool, then lexical key"
dedup-0012,bangdream_002_school_summer,2,"[""bangdream_002_school_summer"", ""bangdream_002_school_summer-2023""]",embedding_cosine,0.992,0.996088,1.0,"{""bangdream_002_school_summer"": 1.0, ""bangdream_002_school_summer-2023"": 0.996088}","prefer usable pool candidate, then current_pool, then lexical key"
dedup-0013,bangdream_003_2019_furisode,2,"[""bangdream_003_2019_furisode"", ""bangdream_003_2024_furisode""]",embedding_cosine,0.992,0.992478,1.0,"{""bangdream_003_2019_furisode"": 1.0, ""bangdream_003_2024_furisode"": 0.992478}","prefer usable pool candidate, then current_pool, then lexical key"
dedup-0014,bangdream_003_chapter0_pajamas,2,"[""bangdream_003_chapter0_pajamas"", ""bangdream_003_event_233_story_01""]",embedding_cosine,0.992,0.994564,1.0,"{""bangdream_003_chapter0_pajamas"": 1.0, ""bangdream_003_event_233_story_01"": 0.994564}","prefer usable pool candidate, then current_pool, then lexical key"
dedup-0015,bangdream_003_event_140_story_01,4,"[""bangdream_003_event_140_story_01"", ""bangdream_003_event_216_story_01"", ""bangdream_003_school_winter"", ""bangdream_003_school_winter-2023""]",embedding_cosine,0.992,0.992347,1.0,"{""bangdream_003_event_140_story_01"": 1.0, ""bangdream_003_event_216_story_01"": 0.998913, ""bangdream_003_school_winter"": 0.999742, ""bangdream_003_school_winter-2023"": 0.992347}","prefer usable pool candidate, then current_pool, then lexical key"
dedup-0016,bangdream_003_event_227_story_02,2,"[""bangdream_003_event_227_story_02"", ""bangdream_003_live_event_227_ssr""]",embedding_cosine,0.992,0.99967,1.0,"{""bangdream_003_event_227_story_02"": 1.0, ""bangdream_003_live_event_227_ssr"": 0.99967}","prefer usable pool candidate, then current_pool, then lexical key"
dedup-0017,bangdream_003_school_summer,2,"[""bangdream_003_school_summer"", ""bangdream_003_school_summer-2023""]",embedding_cosine,0.992,0.994896,1.0,"{""bangdream_003_school_summer"": 1.0, ""bangdream_003_school_summer-2023"": 0.994896}","prefer usable pool candidate, then current_pool, then lexical key"
dedup-0018,bangdream_004_2019_furisode,2,"[""bangdream_004_2019_furisode"", ""bangdream_004_2025_furisode""]",embedding_cosine,0.992,0.993852,1.0,"{""bangdream_004_2019_furisode"": 1.0, ""bangdream_004_2025_furisode"": 0.993852}","prefer usable pool candidate, then current_pool, then lexical key"
dedup-0019,bangdream_004_chapter0_pajamas,2,"[""bangdream_004_chapter0_pajamas"", ""bangdream_004_pajamas-2023""]",embedding_cosine,0.992,0.994375,1.0,"{""bangdream_004_chapter0_pajamas"": 1.0, ""bangdream_004_pajamas-2023"": 0.994375}","prefer usable pool candidate, then current_pool, then lexical key"
dedup-0020,bangdream_004_event_216_story_01,3,"[""bangdream_004_event_216_story_01"", ""bangdream_004_school_winter"", ""bangdream_004_school_winter-2023""]",embedding_cosine,0.992,0.992975,1.0,"{""bangdream_004_event_216_story_01"": 1.0, ""bangdream_004_school_winter"": 0.999726, ""bangdream_004_school_winter-2023"": 0.992975}","prefer usable pool candidate, then current_pool, then lexical key"
dedup-0021,bangdream_004_event_236_story_01,2,"[""bangdream_004_event_236_story_01"", ""bangdream_004_live_event_236_r""]",embedding_cosine,0.992,0.99903,1.0,"{""bangdream_004_event_236_story_01"": 1.0, ""bangdream_004_live_event_236_r"": 0.99903}","prefer usable pool candidate, then current_pool, then lexical key"
dedup-0022,bangdream_004_event_92_story_01,2,"[""bangdream_004_event_92_story_01"", ""bangdream_004_live_event_92_ssr""]",embedding_cosine,0.992,0.999451,1.0,"{""bangdream_004_event_92_story_01"": 1.0, ""bangdream_004_live_event_92_ssr"": 0.999451}","prefer usable pool candidate, then current_pool, then lexical key"
dedup-0023,bangdream_004_school_summer,2,"[""bangdream_004_school_summer"", ""bangdream_004_school_summer-2023""]",embedding_cosine,0.992,0.994065,1.0,"{""bangdream_004_school_summer"": 1.0, ""bangdream_004_school_summer-2023"": 0.994065}","prefer usable pool candidate, then current_pool, then lexical key"
dedup-0024,bangdream_005_casual_winter,2,"[""bangdream_005_casual_winter"", ""bangdream_005_event_101_story_01""]",embedding_cosine,0.992,0.998895,1.0,"{""bangdream_005_casual_winter"": 1.0, ""bangdream_005_event_101_story_01"": 0.998895}","prefer usable pool candidate, then current_pool, then lexical key"
dedup-0025,bangdream_005_chapter0_pajamas,2,"[""bangdream_005_chapter0_pajamas"", ""bangdream_005_pajamas-2023""]",embedding_cosine,0.992,0.99381,1.0,"{""bangdream_005_chapter0_pajamas"": 1.0, ""bangdream_005_pajamas-2023"": 0.99381}","prefer usable pool candidate, then current_pool, then lexical key"
dedup-0026,bangdream_005_event_160_story_01,2,"[""bangdream_005_event_160_story_01"", ""bangdream_005_event_50_story_01""]",embedding_cosine,0.992,0.999958,1.0,"{""bangdream_005_event_160_story_01"": 1.0, ""bangdream_005_event_50_story_01"": 0.999958}","prefer usable pool candidate, then current_pool, then lexical key"
dedup-0027,bangdream_005_event_216_story_01,4,"[""bangdream_005_event_216_story_01"", ""bangdream_005_school_winter"", ""bangdream_005_school_winter-2023"", ""bangdream_005_school_winter_v3""]",embedding_cosine,0.992,0.995059,1.0,"{""bangdream_005_event_216_story_01"": 1.0, ""bangdream_005_school_winter"": 0.999355, ""bangdream_005_school_winter-2023"": 0.995059, ""bangdream_005_school_winter_v3"": 0.999087}","prefer usable pool candidate, then current_pool, then lexical key"
dedup-0028,bangdream_005_event_92_story_01,2,"[""bangdream_005_event_92_story_01"", ""bangdream_005_live_event_92_ssr""]",embedding_cosine,0.992,0.999667,1.0,"{""bangdream_005_event_92_story_01"": 1.0, ""bangdream_005_live_event_92_ssr"": 0.999667}","prefer usable pool candidate, then current_pool, then lexical key"
dedup-0029,bangdream_005_school_summer,2,"[""bangdream_005_school_summer"", ""bangdream_005_school_summer-2023""]",embedding_cosine,0.992,0.994135,1.0,"{""bangdream_005_school_summer"": 1.0, ""bangdream_005_school_summer-2023"": 0.994135}","prefer usable pool candidate, then current_pool, then lexical key"
dedup-0030,bangdream_006_2019_furisode,2,"[""bangdream_006_2019_furisode"", ""bangdream_006_2024_furisode""]",embedding_cosine,0.992,0.994064,1.0,"{""bangdream_006_2019_furisode"": 1.0, ""bangdream_006_2024_furisode"": 0.994064}","prefer usable pool candidate, then current_pool, then lexical key"
dedup-0031,bangdream_006_casual_winter,2,"[""bangdream_006_casual_winter"", ""bangdream_006_event_101_story_01""]",embedding_cosine,0.992,0.997389,1.0,"{""bangdream_006_casual_winter"": 1.0, ""bangdream_006_event_101_story_01"": 0.997389}","prefer usable pool candidate, then current_pool, then lexical key"
dedup-0032,bangdream_006_event_122_story_01,2,"[""bangdream_006_event_122_story_01"", ""bangdream_006_swimsuit-2023""]",embedding_cosine,0.992,0.995777,1.0,"{""bangdream_006_event_122_story_01"": 1.0, ""bangdream_006_swimsuit-2023"": 0.995777}","prefer usable pool candidate, then current_pool, then lexical key"
dedup-0033,bangdream_006_event_216_story_01,2,"[""bangdream_006_event_216_story_01"", ""bangdream_006_school_winter_s2""]",embedding_cosine,0.992,0.999972,1.0,"{""bangdream_006_event_216_story_01"": 1.0, ""bangdream_006_school_winter_s2"": 0.999972}","prefer usable pool candidate, then current_pool, then lexical key"
dedup-0034,bangdream_006_event_227_story_04,2,"[""bangdream_006_event_227_story_04"", ""bangdream_006_live_event_227_ur""]",embedding_cosine,0.992,0.999637,1.0,"{""bangdream_006_event_227_story_04"": 1.0, ""bangdream_006_live_event_227_ur"": 0.999637}","prefer usable pool candidate, then current_pool, then lexical key"
dedup-0035,bangdream_006_event_54_story_01,2,"[""bangdream_006_event_54_story_01"", ""bangdream_006_pajamas-2023""]",embedding_cosine,0.992,0.997063,1.0,"{""bangdream_006_event_54_story_01"": 1.0, ""bangdream_006_pajamas-2023"": 0.997063}","prefer usable pool candidate, then current_pool, then lexical key"
dedup-0036,bangdream_006_school_summer_s2,2,"[""bangdream_006_school_summer_s2"", ""bangdream_006_school_summer_v3""]",embedding_cosine,0.992,0.999872,1.0,"{""bangdream_006_school_summer_s2"": 1.0, ""bangdream_006_school_summer_v3"": 0.999872}","prefer usable pool candidate, then current_pool, then lexical key"
dedup-0037,bangdream_007_2019_furisode,2,"[""bangdream_007_2019_furisode"", ""bangdream_007_2024_furisode""]",embedding_cosine,0.992,0.994229,1.0,"{""bangdream_007_2019_furisode"": 1.0, ""bangdream_007_2024_furisode"": 0.994229}","prefer usable pool candidate, then current_pool, then lexical key"
dedup-0038,bangdream_007_casual_winter,3,"[""bangdream_007_casual_winter"", ""bangdream_007_event_65_story_01"", ""bangdream_007_event_94_story_02""]",embedding_cosine,0.992,0.999548,1.0,"{""bangdream_007_casual_winter"": 1.0, ""bangdream_007_event_65_story_01"": 0.999548, ""bangdream_007_event_94_story_02"": 0.999835}","prefer usable pool candidate, then current_pool, then lexical key"
dedup-0039,bangdream_007_event_122_story_01,2,"[""bangdream_007_event_122_story_01"", ""bangdream_007_swimsuit-2023""]",embedding_cosine,0.992,0.995184,1.0,"{""bangdream_007_event_122_story_01"": 1.0, ""bangdream_007_swimsuit-2023"": 0.995184}","prefer usable pool candidate, then current_pool, then lexical key"
dedup-0040,bangdream_007_event_200_story01,2,"[""bangdream_007_event_200_story01"", ""bangdream_007_live_event_200_ssr""]",embedding_cosine,0.992,0.999081,1.0,"{""bangdream_007_event_200_story01"": 1.0, ""bangdream_007_live_event_200_ssr"": 0.999081}","prefer usable pool candidate, then current_pool, then lexical key"
dedup-0041,bangdream_007_event_216_story_01,2,"[""bangdream_007_event_216_story_01"", ""bangdream_007_school_winter_s2""]",embedding_cosine,0.992,0.999708,1.0,"{""bangdream_007_event_216_story_01"": 1.0, ""bangdream_007_school_winter_s2"": 0.999708}","prefer usable pool candidate, then current_pool, then lexical key"
dedup-0042,bangdream_007_event_54_story_01,2,"[""bangdream_007_event_54_story_01"", ""bangdream_007_pajamas-2023""]",embedding_cosine,0.992,0.997031,1.0,"{""bangdream_007_event_54_story_01"": 1.0, ""bangdream_007_pajamas-2023"": 0.997031}","prefer usable pool candidate, then current_pool, then lexical key"
dedup-0043,bangdream_007_event_94_story_01,2,"[""bangdream_007_event_94_story_01"", ""bangdream_007_store""]",embedding_cosine,0.992,0.999967,1.0,"{""bangdream_007_event_94_story_01"": 1.0, ""bangdream_007_store"": 0.999967}","prefer usable pool candidate, then current_pool, then lexical key"
dedup-0044,bangdream_007_school_summer_s2,2,"[""bangdream_007_school_summer_s2"", ""bangdream_007_school_summer_v3""]",embedding_cosine,0.992,0.999391,1.0,"{""bangdream_007_school_summer_s2"": 1.0, ""bangdream_007_school_summer_v3"": 0.999391}","prefer usable pool candidate, then current_pool, then lexical key"
dedup-0045,bangdream_008_event_122_story_01,3,"[""bangdream_008_event_122_story_01"", ""bangdream_008_swim_swit"", ""bangdream_008_swimsuit-2023""]",embedding_cosine,0.992,0.993835,1.0,"{""bangdream_008_event_122_story_01"": 1.0, ""bangdream_008_swim_swit"": 0.998364, ""bangdream_008_swimsuit-2023"": 0.993835}","prefer usable pool candidate, then current_pool, then lexical key"
dedup-0046,bangdream_008_event_216_story_01,2,"[""bangdream_008_event_216_story_01"", ""bangdream_008_school_winter_s2""]",embedding_cosine,0.992,0.998652,1.0,"{""bangdream_008_event_216_story_01"": 1.0, ""bangdream_008_school_winter_s2"": 0.998652}","prefer usable pool candidate, then current_pool, then lexical key"
dedup-0047,bangdream_008_event_236_story_01,2,"[""bangdream_008_event_236_story_01"", ""bangdream_008_live_event_236_ur""]",embedding_cosine,0.992,0.996778,1.0,"{""bangdream_008_event_236_story_01"": 1.0, ""bangdream_008_live_event_236_ur"": 0.996778}","prefer usable pool candidate, then current_pool, then lexical key"
dedup-0048,bangdream_008_event_296_story_01,2,"[""bangdream_008_event_296_story_01"", ""bangdream_008_live_event_296_ur""]",embedding_cosine,0.992,0.999664,1.0,"{""bangdream_008_event_296_story_01"": 1.0, ""bangdream_008_live_event_296_ur"": 0.999664}","prefer usable pool candidate, then current_pool, then lexical key"
dedup-0049,bangdream_008_school_summer_s2,2,"[""bangdream_008_school_summer_s2"", ""bangdream_008_school_summer_v3""]",embedding_cosine,0.992,0.999911,1.0,"{""bangdream_008_school_summer_s2"": 1.0, ""bangdream_008_school_summer_v3"": 0.999911}","prefer usable pool candidate, then current_pool, then lexical key"
dedup-0050,bangdream_009_2019_furisode,2,"[""bangdream_009_2019_furisode"", ""bangdream_009_2025_furisode""]",embedding_cosine,0.992,0.992361,1.0,"{""bangdream_009_2019_furisode"": 1.0, ""bangdream_009_2025_furisode"": 0.992361}","prefer usable pool candidate, then current_pool, then lexical key"
dedup-0051,bangdream_009_event_107_story_01,3,"[""bangdream_009_event_107_story_01"", ""bangdream_009_event_216_story_01"", ""bangdream_009_school_winter_s2""]",embedding_cosine,0.992,0.998038,1.0,"{""bangdream_009_event_107_story_01"": 1.0, ""bangdream_009_event_216_story_01"": 0.998038, ""bangdream_009_school_winter_s2"": 0.999464}","prefer usable pool candidate, then current_pool, then lexical key"
dedup-0052,bangdream_009_event_200_story01,2,"[""bangdream_009_event_200_story01"", ""bangdream_009_live_event_200_ssr""]",embedding_cosine,0.992,0.997084,1.0,"{""bangdream_009_event_200_story01"": 1.0, ""bangdream_009_live_event_200_ssr"": 0.997084}","prefer usable pool candidate, then current_pool, then lexical key"
dedup-0053,bangdream_009_event_236_story_01,2,"[""bangdream_009_event_236_story_01"", ""bangdream_009_live_event_236_sr""]",embedding_cosine,0.992,0.999988,1.0,"{""bangdream_009_event_236_story_01"": 1.0, ""bangdream_009_live_event_236_sr"": 0.999988}","prefer usable pool candidate, then current_pool, then lexical key"
dedup-0054,bangdream_009_school_summer_s2,2,"[""bangdream_009_school_summer_s2"", ""bangdream_009_school_summer_v3""]",embedding_cosine,0.992,0.998147,1.0,"{""bangdream_009_school_summer_s2"": 1.0, ""bangdream_009_school_summer_v3"": 0.998147}","prefer usable pool candidate, then current_pool, then lexical key"
dedup-0055,bangdream_010_arbeit,2,"[""bangdream_010_arbeit"", ""bangdream_010_arbeit-2023""]",embedding_cosine,0.992,0.996453,1.0,"{""bangdream_010_arbeit"": 1.0, ""bangdream_010_arbeit-2023"": 0.996453}","prefer usable pool candidate, then current_pool, then lexical key"
dedup-0056,bangdream_010_event_06_story,2,"[""bangdream_010_event_06_story"", ""bangdream_010_memorial_middle_school""]",embedding_cosine,0.992,0.999737,1.0,"{""bangdream_010_event_06_story"": 1.0, ""bangdream_010_memorial_middle_school"": 0.999737}","prefer usable pool candidate, then current_pool, then lexical key"
dedup-0057,bangdream_010_event_122_story_01,2,"[""bangdream_010_event_122_story_01"", ""bangdream_010_swimsuit-2023""]",embedding_cosine,0.992,0.99631,1.0,"{""bangdream_010_event_122_story_01"": 1.0, ""bangdream_010_swimsuit-2023"": 0.99631}","prefer usable pool candidate, then current_pool, then lexical key"
dedup-0058,bangdream_010_event_216_story_01,2,"[""bangdream_010_event_216_story_01"", ""bangdream_010_school_winter_s2""]",embedding_cosine,0.992,0.998734,1.0,"{""bangdream_010_event_216_story_01"": 1.0, ""bangdream_010_school_winter_s2"": 0.998734}","prefer usable pool candidate, then current_pool, then lexical key"
dedup-0059,bangdream_010_school_summer_s2,2,"[""bangdream_010_school_summer_s2"", ""bangdream_010_school_summer_v3""]",embedding_cosine,0.992,0.999815,1.0,"{""bangdream_010_school_summer_s2"": 1.0, ""bangdream_010_school_summer_v3"": 0.999815}","prefer usable pool candidate, then current_pool, then lexical key"
dedup-0060,bangdream_011_2018_furisode,2,"[""bangdream_011_2018_furisode"", ""bangdream_011_2024_furisode""]",embedding_cosine,0.992,0.996276,1.0,"{""bangdream_011_2018_furisode"": 1.0, ""bangdream_011_2024_furisode"": 0.996276}","prefer usable pool candidate, then current_pool, then lexical key"
dedup-0061,bangdream_011_casual,2,"[""bangdream_011_casual"", ""bangdream_011_event_141_story_01""]",embedding_cosine,0.992,0.999183,1.0,"{""bangdream_011_casual"": 1.0, ""bangdream_011_event_141_story_01"": 0.999183}","prefer usable pool candidate, then current_pool, then lexical key"
dedup-0062,bangdream_011_casual_summer,2,"[""bangdream_011_casual_summer"", ""bangdream_011_event_82_story_02""]",embedding_cosine,0.992,0.999928,1.0,"{""bangdream_011_casual_summer"": 1.0, ""bangdream_011_event_82_story_02"": 0.999928}","prefer usable pool candidate, then current_pool, then lexical key"
dedup-0063,bangdream_011_event_216_story_01,3,"[""bangdream_011_event_216_story_01"", ""bangdream_011_school_winter"", ""bangdream_011_school_winter-2023""]",embedding_cosine,0.992,0.99664,1.0,"{""bangdream_011_event_216_story_01"": 1.0, ""bangdream_011_school_winter"": 0.999691, ""bangdream_011_school_winter-2023"": 0.99664}","prefer usable pool candidate, then current_pool, then lexical key"
dedup-0064,bangdream_011_event_244_story_01,2,"[""bangdream_011_event_244_story_01"", ""bangdream_011_live_event_244_r""]",embedding_cosine,0.992,0.99989,1.0,"{""bangdream_011_event_244_story_01"": 1.0, ""bangdream_011_live_event_244_r"": 0.99989}","prefer usable pool candidate, then current_pool, then lexical key"
dedup-0065,bangdream_011_event_316_story_01,2,"[""bangdream_011_event_316_story_01"", ""bangdream_011_live_event_283_sr""]",embedding_cosine,0.992,0.999357,1.0,"{""bangdream_011_event_316_story_01"": 1.0, ""bangdream_011_live_event_283_sr"": 0.999357}","prefer usable pool candidate, then current_pool, then lexical key"
dedup-0066,bangdream_011_event_50_story_01,2,"[""bangdream_011_event_50_story_01"", ""bangdream_011_swimsuit-2023""]",embedding_cosine,0.992,0.996744,1.0,"{""bangdream_011_event_50_story_01"": 1.0, ""bangdream_011_swimsuit-2023"": 0.996744}","prefer usable pool candidate, then current_pool, then lexical key"
dedup-0067,bangdream_011_event_67_story_01,2,"[""bangdream_011_event_67_story_01"", ""bangdream_011_pajamas-2023""]",embedding_cosine,0.992,0.998289,1.0,"{""bangdream_011_event_67_story_01"": 1.0, ""bangdream_011_pajamas-2023"": 0.998289}","prefer usable pool candidate, then current_pool, then lexical key"
dedup-0068,bangdream_011_school_summer,2,"[""bangdream_011_school_summer"", ""bangdream_011_school_summer-2023""]",embedding_cosine,0.992,0.997155,1.0,"{""bangdream_011_school_summer"": 1.0, ""bangdream_011_school_summer-2023"": 0.997155}","prefer usable pool candidate, then current_pool, then lexical key"
dedup-0069,bangdream_012_casual_summer-2023,2,"[""bangdream_012_casual_summer-2023"", ""bangdream_012_event_226_story_01""]",embedding_cosine,0.992,0.999857,1.0,"{""bangdream_012_casual_summer-2023"": 1.0, ""bangdream_012_event_226_story_01"": 0.999857}","prefer usable pool candidate, then current_pool, then lexical key"
dedup-0070,bangdream_012_event_206_story_01,2,"[""bangdream_012_event_206_story_01"", ""bangdream_012_live_event_35_ssr""]",embedding_cosine,0.992,0.999626,1.0,"{""bangdream_012_event_206_story_01"": 1.0, ""bangdream_012_live_event_35_ssr"": 0.999626}","prefer usable pool candidate, then current_pool, then lexical key"
dedup-0071,bangdream_012_event_216_story_01,2,"[""bangdream_012_event_216_story_01"", ""bangdream_012_live_event_216_ssr""]",embedding_cosine,0.992,0.999893,1.0,"{""bangdream_012_event_216_story_01"": 1.0, ""bangdream_012_live_event_216_ssr"": 0.999893}","prefer usable pool candidate, then current_pool, then lexical key"
dedup-0072,bangdream_012_event_244_story_01,2,"[""bangdream_012_event_244_story_01"", ""bangdream_012_live_event_244_ur""]",embedding_cosine,0.992,0.99955,1.0,"{""bangdream_012_event_244_story_01"": 1.0, ""bangdream_012_live_event_244_ur"": 0.99955}","prefer usable pool candidate, then current_pool, then lexical key"
dedup-0073,bangdream_012_event_260_story_01,2,"[""bangdream_012_event_260_story_01"", ""bangdream_012_live_event_179_r""]",embedding_cosine,0.992,0.997194,1.0,"{""bangdream_012_event_260_story_01"": 1.0, ""bangdream_012_live_event_179_r"": 0.997194}","prefer usable pool candidate, then current_pool, then lexical key"
dedup-0074,bangdream_012_event_304_story_01,2,"[""bangdream_012_event_304_story_01"", ""bangdream_012_event_88_story_01""]",embedding_cosine,0.992,0.992709,1.0,"{""bangdream_012_event_304_story_01"": 1.0, ""bangdream_012_event_88_story_01"": 0.992709}","prefer usable pool candidate, then current_pool, then lexical key"
dedup-0075,bangdream_012_event_316_story_01,2,"[""bangdream_012_event_316_story_01"", ""bangdream_012_live_event_316_ur""]",embedding_cosine,0.992,0.999992,1.0,"{""bangdream_012_event_316_story_01"": 1.0, ""bangdream_012_live_event_316_ur"": 0.999992}","prefer usable pool candidate, then current_pool, then lexical key"
dedup-0076,bangdream_012_school_summer_s2,2,"[""bangdream_012_school_summer_s2"", ""bangdream_012_school_summer_v3""]",embedding_cosine,0.992,0.999132,1.0,"{""bangdream_012_school_summer_s2"": 1.0, ""bangdream_012_school_summer_v3"": 0.999132}","prefer usable pool candidate, then current_pool, then lexical key"
dedup-0077,bangdream_013_casual_summer,2,"[""bangdream_013_casual_summer"", ""bangdream_013_event_153_story_01""]",embedding_cosine,0.992,0.999947,1.0,"{""bangdream_013_casual_summer"": 1.0, ""bangdream_013_event_153_story_01"": 0.999947}","prefer usable pool candidate, then current_pool, then lexical key"
dedup-0078,bangdream_013_event_110_story_01,2,"[""bangdream_013_event_110_story_01"", ""bangdream_013_uniform""]",embedding_cosine,0.992,0.998509,1.0,"{""bangdream_013_event_110_story_01"": 1.0, ""bangdream_013_uniform"": 0.998509}","prefer usable pool candidate, then current_pool, then lexical key"
dedup-0079,bangdream_013_event_216_story_01,3,"[""bangdream_013_event_216_story_01"", ""bangdream_013_school_winter"", ""bangdream_013_school_winter-2023""]",embedding_cosine,0.992,0.992353,1.0,"{""bangdream_013_event_216_story_01"": 1.0, ""bangdream_013_school_winter"": 0.999241, ""bangdream_013_school_winter-2023"": 0.992353}","prefer usable pool candidate, then current_pool, then lexical key"
dedup-0080,bangdream_013_event_244_story_01,2,"[""bangdream_013_event_244_story_01"", ""bangdream_013_live_event_244_ur""]",embedding_cosine,0.992,0.999846,1.0,"{""bangdream_013_event_244_story_01"": 1.0, ""bangdream_013_live_event_244_ur"": 0.999846}","prefer usable pool candidate, then current_pool, then lexical key"
dedup-0081,bangdream_013_event_316_story_01,2,"[""bangdream_013_event_316_story_01"", ""bangdream_013_live_event_316_ur""]",embedding_cosine,0.992,0.998765,1.0,"{""bangdream_013_event_316_story_01"": 1.0, ""bangdream_013_live_event_316_ur"": 0.998765}","prefer usable pool candidate, then current_pool, then lexical key"
dedup-0082,bangdream_013_event_50_story_01,2,"[""bangdream_013_event_50_story_01"", ""bangdream_013_swimsuit-2023""]",embedding_cosine,0.992,0.993654,1.0,"{""bangdream_013_event_50_story_01"": 1.0, ""bangdream_013_swimsuit-2023"": 0.993654}","prefer usable pool candidate, then current_pool, then lexical key"
dedup-0083,bangdream_013_event_67_story_01,2,"[""bangdream_013_event_67_story_01"", ""bangdream_013_pajamas-2023""]",embedding_cosine,0.992,0.993656,1.0,"{""bangdream_013_event_67_story_01"": 1.0, ""bangdream_013_pajamas-2023"": 0.993656}","prefer usable pool candidate, then current_pool, then lexical key"
dedup-0084,bangdream_013_school_summer,2,"[""bangdream_013_school_summer"", ""bangdream_013_school_summer-2023""]",embedding_cosine,0.992,0.993679,1.0,"{""bangdream_013_school_summer"": 1.0, ""bangdream_013_school_summer-2023"": 0.993679}","prefer usable pool candidate, then current_pool, then lexical key"
dedup-0085,bangdream_014_event_216_story_01,2,"[""bangdream_014_event_216_story_01"", ""bangdream_014_live_event_215_ssr""]",embedding_cosine,0.992,0.99872,1.0,"{""bangdream_014_event_216_story_01"": 1.0, ""bangdream_014_live_event_215_ssr"": 0.99872}","prefer usable pool candidate, then current_pool, then lexical key"
dedup-0086,bangdream_014_event_244_story_01,2,"[""bangdream_014_event_244_story_01"", ""bangdream_014_live_event_244_sr""]",embedding_cosine,0.992,0.999025,1.0,"{""bangdream_014_event_244_story_01"": 1.0, ""bangdream_014_live_event_244_sr"": 0.999025}","prefer usable pool candidate, then current_pool, then lexical key"
dedup-0087,bangdream_014_event_316_story_01,2,"[""bangdream_014_event_316_story_01"", ""bangdream_014_live_event_283_ssr""]",embedding_cosine,0.992,0.998005,1.0,"{""bangdream_014_event_316_story_01"": 1.0, ""bangdream_014_live_event_283_ssr"": 0.998005}","prefer usable pool candidate, then current_pool, then lexical key"
dedup-0088,bangdream_014_school_winter,2,"[""bangdream_014_school_winter"", ""bangdream_014_school_winter_v3""]",embedding_cosine,0.992,0.998991,1.0,"{""bangdream_014_school_winter"": 1.0, ""bangdream_014_school_winter_v3"": 0.998991}","prefer usable pool candidate, then current_pool, then lexical key"
dedup-0089,bangdream_015_4th_general_election_r,2,"[""bangdream_015_4th_general_election_r"", ""bangdream_015_event_316_story_01""]",embedding_cosine,0.992,0.999901,1.0,"{""bangdream_015_4th_general_election_r"": 1.0, ""bangdream_015_event_316_story_01"": 0.999901}","prefer usable pool candidate, then current_pool, then lexical key"
dedup-0090,bangdream_015_casual_winter,2,"[""bangdream_015_casual_winter"", ""bangdream_015_event_93_story_01""]",embedding_cosine,0.992,0.999932,1.0,"{""bangdream_015_casual_winter"": 1.0, ""bangdream_015_event_93_story_01"": 0.999932}","prefer usable pool candidate, then current_pool, then lexical key"
dedup-0091,bangdream_015_event_216_story_01,4,"[""bangdream_015_event_216_story_01"", ""bangdream_015_school_winter"", ""bangdream_015_school_winter-2023"", ""bangdream_015_school_winter_v3""]",embedding_cosine,0.992,0.996719,1.0,"{""bangdream_015_event_216_story_01"": 1.0, ""bangdream_015_school_winter"": 0.999656, ""bangdream_015_school_winter-2023"": 0.996719, ""bangdream_015_school_winter_v3"": 0.99966}","prefer usable pool candidate, then current_pool, then lexical key"
dedup-0092,bangdream_015_event_244_story_01,2,"[""bangdream_015_event_244_story_01"", ""bangdream_015_live_event_244_ssr""]",embedding_cosine,0.992,0.996108,1.0,"{""bangdream_015_event_244_story_01"": 1.0, ""bangdream_015_live_event_244_ssr"": 0.996108}","prefer usable pool candidate, then current_pool, then lexical key"
dedup-0093,bangdream_015_event_289_story_01,2,"[""bangdream_015_event_289_story_01"", ""bangdream_015_story_01""]",embedding_cosine,0.992,0.994859,1.0,"{""bangdream_015_event_289_story_01"": 1.0, ""bangdream_015_story_01"": 0.994859}","prefer usable pool candidate, then current_pool, then lexical key"
dedup-0094,bangdream_015_event_302_story01,2,"[""bangdream_015_event_302_story01"", ""bangdream_015_live_event_302_ur""]",embedding_cosine,0.992,0.999122,1.0,"{""bangdream_015_event_302_story01"": 1.0, ""bangdream_015_live_event_302_ur"": 0.999122}","prefer usable pool candidate, then current_pool, then lexical key"
dedup-0095,bangdream_015_event_315_story_01,2,"[""bangdream_015_event_315_story_01"", ""bangdream_015_live_event_98_ssr""]",embedding_cosine,0.992,0.999525,1.0,"{""bangdream_015_event_315_story_01"": 1.0, ""bangdream_015_live_event_98_ssr"": 0.999525}","prefer usable pool candidate, then current_pool, then lexical key"
dedup-0096,bangdream_015_event_67_story_01,2,"[""bangdream_015_event_67_story_01"", ""bangdream_015_pajamas-2023""]",embedding_cosine,0.992,0.996806,1.0,"{""bangdream_015_event_67_story_01"": 1.0, ""bangdream_015_pajamas-2023"": 0.996806}","prefer usable pool candidate, then current_pool, then lexical key"
dedup-0097,bangdream_015_school_summer,2,"[""bangdream_015_school_summer"", ""bangdream_015_school_summer-2023""]",embedding_cosine,0.992,0.997277,1.0,"{""bangdream_015_school_summer"": 1.0, ""bangdream_015_school_summer-2023"": 0.997277}","prefer usable pool candidate, then current_pool, then lexical key"
dedup-0098,bangdream_016_2019_furisode,2,"[""bangdream_016_2019_furisode"", ""bangdream_016_2024_furisode""]",embedding_cosine,0.992,0.992286,1.0,"{""bangdream_016_2019_furisode"": 1.0, ""bangdream_016_2024_furisode"": 0.992286}","prefer usable pool candidate, then current_pool, then lexical key"
dedup-0099,bangdream_016_apron-2023,2,"[""bangdream_016_apron-2023"", ""bangdream_016_event_104_story_01""]",embedding_cosine,0.992,0.99643,1.0,"{""bangdream_016_apron-2023"": 1.0, ""bangdream_016_event_104_story_01"": 0.99643}","prefer usable pool candidate, then current_pool, then lexical key"
dedup-0100,bangdream_016_casual-2023,2,"[""bangdream_016_casual-2023"", ""bangdream_016_casual-2023-penlight""]",embedding_cosine,0.992,0.998679,1.0,"{""bangdream_016_casual-2023"": 1.0, ""bangdream_016_casual-2023-penlight"": 0.998679}","prefer usable pool candidate, then current_pool, then lexical key"
dedup-0101,bangdream_016_casual_winter,2,"[""bangdream_016_casual_winter"", ""bangdream_016_event_65_story_01""]",embedding_cosine,0.992,0.999115,1.0,"{""bangdream_016_casual_winter"": 1.0, ""bangdream_016_event_65_story_01"": 0.999115}","prefer usable pool candidate, then current_pool, then lexical key"
dedup-0102,bangdream_016_event_195_story_01,2,"[""bangdream_016_event_195_story_01"", ""bangdream_016_event_304_story_01""]",embedding_cosine,0.992,0.996487,1.0,"{""bangdream_016_event_195_story_01"": 1.0, ""bangdream_016_event_304_story_01"": 0.996487}","prefer usable pool candidate, then current_pool, then lexical key"
dedup-0103,bangdream_016_event_216_story_01,2,"[""bangdream_016_event_216_story_01"", ""bangdream_016_live_event_215_ssr""]",embedding_cosine,0.992,0.999723,1.0,"{""bangdream_016_event_216_story_01"": 1.0, ""bangdream_016_live_event_215_ssr"": 0.999723}","prefer usable pool candidate, then current_pool, then lexical key"
dedup-0104,bangdream_016_event_278_story_01,2,"[""bangdream_016_event_278_story_01"", ""bangdream_016_live_event_278_sr""]",embedding_cosine,0.992,0.999404,1.0,"{""bangdream_016_event_278_story_01"": 1.0, ""bangdream_016_live_event_278_sr"": 0.999404}","prefer usable pool candidate, then current_pool, then lexical key"
dedup-0105,bangdream_016_event_56_story_01,2,"[""bangdream_016_event_56_story_01"", ""bangdream_016_live_event_56_ssr""]",embedding_cosine,0.992,0.99983,1.0,"{""bangdream_016_event_56_story_01"": 1.0, ""bangdream_016_live_event_56_ssr"": 0.99983}","prefer usable pool candidate, then current_pool, then lexical key"
dedup-0106,bangdream_016_event_86_story_01,3,"[""bangdream_016_event_86_story_01"", ""bangdream_016_event_86_story_02"", ""bangdream_016_swimsuit-2023""]",embedding_cosine,0.992,0.996722,1.0,"{""bangdream_016_event_86_story_01"": 1.0, ""bangdream_016_event_86_story_02"": 0.998388, ""bangdream_016_swimsuit-2023"": 0.996722}","prefer usable pool candidate, then current_pool, then lexical key"
dedup-0107,bangdream_016_event_96_story_01,2,"[""bangdream_016_event_96_story_01"", ""bangdream_016_live_r_2019""]",embedding_cosine,0.992,0.999765,1.0,"{""bangdream_016_event_96_story_01"": 1.0, ""bangdream_016_live_r_2019"": 0.999765}","prefer usable pool candidate, then current_pool, then lexical key"
dedup-0108,bangdream_016_story_01,2,"[""bangdream_016_story_01"", ""bangdream_016_story_01-2023""]",embedding_cosine,0.992,0.996916,1.0,"{""bangdream_016_story_01"": 1.0, ""bangdream_016_story_01-2023"": 0.996916}","prefer usable pool candidate, then current_pool, then lexical key"
dedup-0109,bangdream_017_casual-2023,2,"[""bangdream_017_casual-2023"", ""bangdream_017_casual-2023-penlight""]",embedding_cosine,0.992,0.999374,1.0,"{""bangdream_017_casual-2023"": 1.0, ""bangdream_017_casual-2023-penlight"": 0.999374}","prefer usable pool candidate, then current_pool, then lexical key"
dedup-0110,bangdream_017_casual_summer,2,"[""bangdream_017_casual_summer"", ""bangdream_017_event_86_story_03""]",embedding_cosine,0.992,0.999995,1.0,"{""bangdream_017_casual_summer"": 1.0, ""bangdream_017_event_86_story_03"": 0.999995}","prefer usable pool candidate, then current_pool, then lexical key"
dedup-0111,bangdream_017_event_134_story_01,2,"[""bangdream_017_event_134_story_01"", ""bangdream_017_school_winter_s2""]",embedding_cosine,0.992,0.999573,1.0,"{""bangdream_017_event_134_story_01"": 1.0, ""bangdream_017_school_winter_s2"": 0.999573}","prefer usable pool candidate, then current_pool, then lexical key"
dedup-0112,bangdream_017_event_195_story_01,2,"[""bangdream_017_event_195_story_01"", ""bangdream_017_event_304_story_01""]",embedding_cosine,0.992,0.993948,1.0,"{""bangdream_017_event_195_story_01"": 1.0, ""bangdream_017_event_304_story_01"": 0.993948}","prefer usable pool candidate, then current_pool, then lexical key"
dedup-0113,bangdream_017_event_216_story_01,2,"[""bangdream_017_event_216_story_01"", ""bangdream_017_live_event_216_ssr""]",embedding_cosine,0.992,0.998622,1.0,"{""bangdream_017_event_216_story_01"": 1.0, ""bangdream_017_live_event_216_ssr"": 0.998622}","prefer usable pool candidate, then current_pool, then lexical key"
dedup-0114,bangdream_017_event_278_story_01,2,"[""bangdream_017_event_278_story_01"", ""bangdream_017_live_event_278_ur""]",embedding_cosine,0.992,0.999976,1.0,"{""bangdream_017_event_278_story_01"": 1.0, ""bangdream_017_live_event_278_ur"": 0.999976}","prefer usable pool candidate, then current_pool, then lexical key"
dedup-0115,bangdream_017_event_56_story_01,2,"[""bangdream_017_event_56_story_01"", ""bangdream_017_live_event_56_ssr""]",embedding_cosine,0.992,0.999722,1.0,"{""bangdream_017_event_56_story_01"": 1.0, ""bangdream_017_live_event_56_ssr"": 0.999722}","prefer usable pool candidate, then current_pool, then lexical key"
dedup-0116,bangdream_017_event_86_story_01,2,"[""bangdream_017_event_86_story_01"", ""bangdream_017_event_86_story_02""]",embedding_cosine,0.992,0.99883,1.0,"{""bangdream_017_event_86_story_01"": 1.0, ""bangdream_017_event_86_story_02"": 0.99883}","prefer usable pool candidate, then current_pool, then lexical key"
dedup-0117,bangdream_017_school_summer_s2,2,"[""bangdream_017_school_summer_s2"", ""bangdream_017_school_summer_v3""]",embedding_cosine,0.992,0.99905,1.0,"{""bangdream_017_school_summer_s2"": 1.0, ""bangdream_017_school_summer_v3"": 0.99905}","prefer usable pool candidate, then current_pool, then lexical key"
dedup-0118,bangdream_017_story_01,2,"[""bangdream_017_story_01"", ""bangdream_017_story_01-2023""]",embedding_cosine,0.992,0.995382,1.0,"{""bangdream_017_story_01"": 1.0, ""bangdream_017_story_01-2023"": 0.995382}","prefer usable pool candidate, then current_pool, then lexical key"
dedup-0119,bangdream_018_casual-2023,2,"[""bangdream_018_casual-2023"", ""bangdream_018_casual-2023-penlight""]",embedding_cosine,0.992,0.998668,1.0,"{""bangdream_018_casual-2023"": 1.0, ""bangdream_018_casual-2023-penlight"": 0.998668}","prefer usable pool candidate, then current_pool, then lexical key"
dedup-0120,bangdream_018_casual_summer,2,"[""bangdream_018_casual_summer"", ""bangdream_018_event_86_story_03""]",embedding_cosine,0.992,0.99999,1.0,"{""bangdream_018_casual_summer"": 1.0, ""bangdream_018_event_86_story_03"": 0.99999}","prefer usable pool candidate, then current_pool, then lexical key"
dedup-0121,bangdream_018_event_216_story_01,2,"[""bangdream_018_event_216_story_01"", ""bangdream_018_live_event_215_ssr""]",embedding_cosine,0.992,0.999729,1.0,"{""bangdream_018_event_216_story_01"": 1.0, ""bangdream_018_live_event_215_ssr"": 0.999729}","prefer usable pool candidate, then current_pool, then lexical key"
dedup-0122,bangdream_018_event_278_story_01,2,"[""bangdream_018_event_278_story_01"", ""bangdream_018_live_event_278_ssr""]",embedding_cosine,0.992,0.999951,1.0,"{""bangdream_018_event_278_story_01"": 1.0, ""bangdream_018_live_event_278_ssr"": 0.999951}","prefer usable pool candidate, then current_pool, then lexical key"
dedup-0123,bangdream_018_story_01,2,"[""bangdream_018_story_01"", ""bangdream_018_story_01-2023""]",embedding_cosine,0.992,0.994974,1.0,"{""bangdream_018_story_01"": 1.0, ""bangdream_018_story_01-2023"": 0.994974}","prefer usable pool candidate, then current_pool, then lexical key"
dedup-0124,bangdream_019_casual-2023,2,"[""bangdream_019_casual-2023"", ""bangdream_019_casual-2023-penlight""]",embedding_cosine,0.992,0.999846,1.0,"{""bangdream_019_casual-2023"": 1.0, ""bangdream_019_casual-2023-penlight"": 0.999846}","prefer usable pool candidate, then current_pool, then lexical key"
dedup-0125,bangdream_019_casual_summer-2023,2,"[""bangdream_019_casual_summer-2023"", ""bangdream_019_event_226_story_01""]",embedding_cosine,0.992,0.999629,1.0,"{""bangdream_019_casual_summer-2023"": 1.0, ""bangdream_019_event_226_story_01"": 0.999629}","prefer usable pool candidate, then current_pool, then lexical key"
dedup-0126,bangdream_019_event_216_story_01,2,"[""bangdream_019_event_216_story_01"", ""bangdream_019_live_event_216_ssr""]",embedding_cosine,0.992,0.999519,1.0,"{""bangdream_019_event_216_story_01"": 1.0, ""bangdream_019_live_event_216_ssr"": 0.999519}","prefer usable pool candidate, then current_pool, then lexical key"
dedup-0127,bangdream_019_event_278_story_01,2,"[""bangdream_019_event_278_story_01"", ""bangdream_019_live_event_278_r""]",embedding_cosine,0.992,0.999977,1.0,"{""bangdream_019_event_278_story_01"": 1.0, ""bangdream_019_live_event_278_r"": 0.999977}","prefer usable pool candidate, then current_pool, then lexical key"
dedup-0128,bangdream_019_school_summer_s2,2,"[""bangdream_019_school_summer_s2"", ""bangdream_019_school_summer_v3""]",embedding_cosine,0.992,0.997964,1.0,"{""bangdream_019_school_summer_s2"": 1.0, ""bangdream_019_school_summer_v3"": 0.997964}","prefer usable pool candidate, then current_pool, then lexical key"
dedup-0129,bangdream_019_story_01,2,"[""bangdream_019_story_01"", ""bangdream_019_story_01-2023""]",embedding_cosine,0.992,0.995042,1.0,"{""bangdream_019_story_01"": 1.0, ""bangdream_019_story_01-2023"": 0.995042}","prefer usable pool candidate, then current_pool, then lexical key"
dedup-0130,bangdream_020_casual-2023,2,"[""bangdream_020_casual-2023"", ""bangdream_020_casual-2023-penlight""]",embedding_cosine,0.992,0.999662,1.0,"{""bangdream_020_casual-2023"": 1.0, ""bangdream_020_casual-2023-penlight"": 0.999662}","prefer usable pool candidate, then current_pool, then lexical key"
dedup-0131,bangdream_020_casual_winter,2,"[""bangdream_020_casual_winter"", ""bangdream_020_event_65_story_01""]",embedding_cosine,0.992,0.999702,1.0,"{""bangdream_020_casual_winter"": 1.0, ""bangdream_020_event_65_story_01"": 0.999702}","prefer usable pool candidate, then current_pool, then lexical key"
dedup-0132,bangdream_020_event_143_story_01,2,"[""bangdream_020_event_143_story_01"", ""bangdream_020_live_r_2020""]",embedding_cosine,0.992,0.998466,1.0,"{""bangdream_020_event_143_story_01"": 1.0, ""bangdream_020_live_r_2020"": 0.998466}","prefer usable pool candidate, then current_pool, then lexical key"
dedup-0133,bangdream_020_event_195_story_01,2,"[""bangdream_020_event_195_story_01"", ""bangdream_020_yukata-2023""]",embedding_cosine,0.992,0.994304,1.0,"{""bangdream_020_event_195_story_01"": 1.0, ""bangdream_020_yukata-2023"": 0.994304}","prefer usable pool candidate, then current_pool, then lexical key"
dedup-0134,bangdream_020_event_216_story_01,2,"[""bangdream_020_event_216_story_01"", ""bangdream_020_school_winter""]",embedding_cosine,0.992,0.999224,1.0,"{""bangdream_020_event_216_story_01"": 1.0, ""bangdream_020_school_winter"": 0.999224}","prefer usable pool candidate, then current_pool, then lexical key"
dedup-0135,bangdream_020_live_event_278_ur,2,"[""bangdream_020_event_278_story_01"", ""bangdream_020_live_event_278_ur""]",embedding_cosine,0.992,0.999999,1.0,"{""bangdream_020_event_278_story_01"": 0.999999, ""bangdream_020_live_event_278_ur"": 1.0}","prefer usable pool candidate, then current_pool, then lexical key"
dedup-0136,bangdream_020_story_01,2,"[""bangdream_020_story_01"", ""bangdream_020_story_01-2023""]",embedding_cosine,0.992,0.994033,1.0,"{""bangdream_020_story_01"": 1.0, ""bangdream_020_story_01-2023"": 0.994033}","prefer usable pool candidate, then current_pool, then lexical key"
dedup-0137,bangdream_021_casual_winter,2,"[""bangdream_021_casual_winter"", ""bangdream_021_event_105_story_01""]",embedding_cosine,0.992,0.999961,1.0,"{""bangdream_021_casual_winter"": 1.0, ""bangdream_021_event_105_story_01"": 0.999961}","prefer usable pool candidate, then current_pool, then lexical key"
dedup-0138,bangdream_021_event_105_story_02,2,"[""bangdream_021_event_105_story_02"", ""bangdream_021_school_winter_s2""]",embedding_cosine,0.992,0.999808,1.0,"{""bangdream_021_event_105_story_02"": 1.0, ""bangdream_021_school_winter_s2"": 0.999808}","prefer usable pool candidate, then current_pool, then lexical key"
dedup-0139,bangdream_021_event_216_story_01,2,"[""bangdream_021_event_216_story_01"", ""bangdream_021_live_event_216_ssr""]",embedding_cosine,0.992,0.998812,1.0,"{""bangdream_021_event_216_story_01"": 1.0, ""bangdream_021_live_event_216_ssr"": 0.998812}","prefer usable pool candidate, then current_pool, then lexical key"
dedup-0140,bangdream_021_event_52_story_01,2,"[""bangdream_021_event_52_story_01"", ""bangdream_021_swimsuit-2023""]",embedding_cosine,0.992,0.994154,1.0,"{""bangdream_021_event_52_story_01"": 1.0, ""bangdream_021_swimsuit-2023"": 0.994154}","prefer usable pool candidate, then current_pool, then lexical key"
dedup-0141,bangdream_021_event_89_story_01,2,"[""bangdream_021_event_89_story_01"", ""bangdream_021_live_r_2019""]",embedding_cosine,0.992,0.99995,1.0,"{""bangdream_021_event_89_story_01"": 1.0, ""bangdream_021_live_r_2019"": 0.99995}","prefer usable pool candidate, then current_pool, then lexical key"
dedup-0142,bangdream_022_casual_winter,2,"[""bangdream_022_casual_winter"", ""bangdream_022_event_105_story_01""]",embedding_cosine,0.992,0.999966,1.0,"{""bangdream_022_casual_winter"": 1.0, ""bangdream_022_event_105_story_01"": 0.999966}","prefer usable pool candidate, then current_pool, then lexical key"
dedup-0143,bangdream_022_event_216_story_01,2,"[""bangdream_022_event_216_story_01"", ""bangdream_022_live_event_215_ssr""]",embedding_cosine,0.992,0.999634,1.0,"{""bangdream_022_event_216_story_01"": 1.0, ""bangdream_022_live_event_215_ssr"": 0.999634}","prefer usable pool candidate, then current_pool, then lexical key"
dedup-0144,bangdream_022_event_227_story_01,2,"[""bangdream_022_event_227_story_01"", ""bangdream_022_live_event_227_ur""]",embedding_cosine,0.992,0.999481,1.0,"{""bangdream_022_event_227_story_01"": 1.0, ""bangdream_022_live_event_227_ur"": 0.999481}","prefer usable pool candidate, then current_pool, then lexical key"
dedup-0145,bangdream_022_event_52_story_01,2,"[""bangdream_022_event_52_story_01"", ""bangdream_022_swimsuit-2023""]",embedding_cosine,0.992,0.99352,1.0,"{""bangdream_022_event_52_story_01"": 1.0, ""bangdream_022_swimsuit-2023"": 0.99352}","prefer usable pool candidate, then current_pool, then lexical key"
dedup-0146,bangdream_022_school_winter,2,"[""bangdream_022_school_winter"", ""bangdream_022_school_winter_v3""]",embedding_cosine,0.992,0.998498,1.0,"{""bangdream_022_school_winter"": 1.0, ""bangdream_022_school_winter_v3"": 0.998498}","prefer usable pool candidate, then current_pool, then lexical key"
dedup-0147,bangdream_023_2019_furisode,2,"[""bangdream_023_2019_furisode"", ""bangdream_023_2024_furisode""]",embedding_cosine,0.992,0.995887,1.0,"{""bangdream_023_2019_furisode"": 1.0, ""bangdream_023_2024_furisode"": 0.995887}","prefer usable pool candidate, then current_pool, then lexical key"
dedup-0148,bangdream_023_casual_winter,3,"[""bangdream_023_casual_winter"", ""bangdream_023_event_105_story_01"", ""bangdream_023_event_93_story_01""]",embedding_cosine,0.992,0.999937,1.0,"{""bangdream_023_casual_winter"": 1.0, ""bangdream_023_event_105_story_01"": 0.999972, ""bangdream_023_event_93_story_01"": 0.999937}","prefer usable pool candidate, then current_pool, then lexical key"
dedup-0149,bangdream_023_event_156_story_01,2,"[""bangdream_023_event_156_story_01"", ""bangdream_023_school_winter_s2""]",embedding_cosine,0.992,0.999497,1.0,"{""bangdream_023_event_156_story_01"": 1.0, ""bangdream_023_school_winter_s2"": 0.999497}","prefer usable pool candidate, then current_pool, then lexical key"
dedup-0150,bangdream_023_event_216_story_01,2,"[""bangdream_023_event_216_story_01"", ""bangdream_023_live_event_215_ssr""]",embedding_cosine,0.992,0.998918,1.0,"{""bangdream_023_event_216_story_01"": 1.0, ""bangdream_023_live_event_215_ssr"": 0.998918}","prefer usable pool candidate, then current_pool, then lexical key"
dedup-0151,bangdream_023_event_81_story_01,3,"[""bangdream_023_event_81_story_01"", ""bangdream_023_school_summer_s2"", ""bangdream_023_school_summer_v3""]",embedding_cosine,0.992,0.999374,1.0,"{""bangdream_023_event_81_story_01"": 1.0, ""bangdream_023_school_summer_s2"": 0.999374, ""bangdream_023_school_summer_v3"": 0.999931}","prefer usable pool candidate, then current_pool, then lexical key"
dedup-0152,bangdream_023_event_89_story_01,2,"[""bangdream_023_event_89_story_01"", ""bangdream_023_live_r_2019""]",embedding_cosine,0.992,0.999412,1.0,"{""bangdream_023_event_89_story_01"": 1.0, ""bangdream_023_live_r_2019"": 0.999412}","prefer usable pool candidate, then current_pool, then lexical key"
dedup-0153,bangdream_023_store,2,"[""bangdream_023_store"", ""bangdream_023_store-2023""]",embedding_cosine,0.992,0.995105,1.0,"{""bangdream_023_store"": 1.0, ""bangdream_023_store-2023"": 0.995105}","prefer usable pool candidate, then current_pool, then lexical key"
dedup-0154,bangdream_024_casual_winter,3,"[""bangdream_024_casual_winter"", ""bangdream_024_event_105_story_01"", ""bangdream_024_event_97_story_01""]",embedding_cosine,0.992,0.998267,1.0,"{""bangdream_024_casual_winter"": 1.0, ""bangdream_024_event_105_story_01"": 0.999816, ""bangdream_024_event_97_story_01"": 0.998267}","prefer usable pool candidate, then current_pool, then lexical key"
dedup-0155,bangdream_024_event_156_story_01,2,"[""bangdream_024_event_156_story_01"", ""bangdream_024_live_event_156_sr""]",embedding_cosine,0.992,0.99996,1.0,"{""bangdream_024_event_156_story_01"": 1.0, ""bangdream_024_live_event_156_sr"": 0.99996}","prefer usable pool candidate, then current_pool, then lexical key"
dedup-0156,bangdream_024_event_216_story_01,2,"[""bangdream_024_event_216_story_01"", ""bangdream_024_school_winter_s2""]",embedding_cosine,0.992,0.998696,1.0,"{""bangdream_024_event_216_story_01"": 1.0, ""bangdream_024_school_winter_s2"": 0.998696}","prefer usable pool candidate, then current_pool, then lexical key"
dedup-0157,bangdream_024_live_event_236_ur,2,"[""bangdream_024_event_236_story_01"", ""bangdream_024_live_event_236_ur""]",embedding_cosine,0.992,0.999698,1.0,"{""bangdream_024_event_236_story_01"": 0.999698, ""bangdream_024_live_event_236_ur"": 1.0}","prefer usable pool candidate, then current_pool, then lexical key"
dedup-0158,bangdream_024_event_89_story_01,2,"[""bangdream_024_event_89_story_01"", ""bangdream_024_live_r_2019""]",embedding_cosine,0.992,0.999594,1.0,"{""bangdream_024_event_89_story_01"": 1.0, ""bangdream_024_live_r_2019"": 0.999594}","prefer usable pool candidate, then current_pool, then lexical key"
dedup-0159,bangdream_025_casual_winter,2,"[""bangdream_025_casual_winter"", ""bangdream_025_event_105_story_01""]",embedding_cosine,0.992,0.999569,1.0,"{""bangdream_025_casual_winter"": 1.0, ""bangdream_025_event_105_story_01"": 0.999569}","prefer usable pool candidate, then current_pool, then lexical key"
dedup-0160,bangdream_025_event_216_story_01,2,"[""bangdream_025_event_216_story_01"", ""bangdream_025_live_event_216_ssr""]",embedding_cosine,0.992,0.998928,1.0,"{""bangdream_025_event_216_story_01"": 1.0, ""bangdream_025_live_event_216_ssr"": 0.998928}","prefer usable pool candidate, then current_pool, then lexical key"
dedup-0161,bangdream_025_event_89_story_01,2,"[""bangdream_025_event_89_story_01"", ""bangdream_025_live_r_2019""]",embedding_cosine,0.992,0.999502,1.0,"{""bangdream_025_event_89_story_01"": 1.0, ""bangdream_025_live_r_2019"": 0.999502}","prefer usable pool candidate, then current_pool, then lexical key"
dedup-0162,bangdream_025_fantasy,2,"[""bangdream_025_fantasy"", ""bangdream_025_nfo01""]",embedding_cosine,0.992,0.99242,1.0,"{""bangdream_025_fantasy"": 1.0, ""bangdream_025_nfo01"": 0.99242}","prefer usable pool candidate, then current_pool, then lexical key"
dedup-0163,bangdream_025_school_winter,2,"[""bangdream_025_school_winter"", ""bangdream_025_school_winter_v3""]",embedding_cosine,0.992,0.999325,1.0,"{""bangdream_025_school_winter"": 1.0, ""bangdream_025_school_winter_v3"": 0.999325}","prefer usable pool candidate, then current_pool, then lexical key"
dedup-0164,bangdream_026_event_132_story_01,2,"[""bangdream_026_event_132_story_01"", ""bangdream_026_pajamas-2023""]",embedding_cosine,0.992,0.994811,1.0,"{""bangdream_026_event_132_story_01"": 1.0, ""bangdream_026_pajamas-2023"": 0.994811}","prefer usable pool candidate, then current_pool, then lexical key"
dedup-0165,bangdream_026_event_194_story_01,2,"[""bangdream_026_event_194_story_01"", ""bangdream_026_swim_swit""]",embedding_cosine,0.992,0.995252,1.0,"{""bangdream_026_event_194_story_01"": 1.0, ""bangdream_026_swim_swit"": 0.995252}","prefer usable pool candidate, then current_pool, then lexical key"
dedup-0166,bangdream_026_event_203_story_01,2,"[""bangdream_026_event_203_story_01"", ""bangdream_026_live_event_203_ssr""]",embedding_cosine,0.992,0.999428,1.0,"{""bangdream_026_event_203_story_01"": 1.0, ""bangdream_026_live_event_203_ssr"": 0.999428}","prefer usable pool candidate, then current_pool, then lexical key"
dedup-0167,bangdream_026_event_272_story_01,2,"[""bangdream_026_event_272_story_01"", ""bangdream_026_live_event_272_r""]",embedding_cosine,0.992,0.998993,1.0,"{""bangdream_026_event_272_story_01"": 1.0, ""bangdream_026_live_event_272_r"": 0.998993}","prefer usable pool candidate, then current_pool, then lexical key"
dedup-0168,bangdream_026_school_summer,2,"[""bangdream_026_school_summer"", ""bangdream_026_school_summer-2023""]",embedding_cosine,0.992,0.996869,1.0,"{""bangdream_026_school_summer"": 1.0, ""bangdream_026_school_summer-2023"": 0.996869}","prefer usable pool candidate, then current_pool, then lexical key"
dedup-0169,bangdream_026_school_winter,2,"[""bangdream_026_school_winter"", ""bangdream_026_school_winter-2023""]",embedding_cosine,0.992,0.996089,1.0,"{""bangdream_026_school_winter"": 1.0, ""bangdream_026_school_winter-2023"": 0.996089}","prefer usable pool candidate, then current_pool, then lexical key"
dedup-0170,bangdream_027_2022_furisode,2,"[""bangdream_027_2022_furisode"", ""bangdream_027_2024_furisode""]",embedding_cosine,0.992,0.995073,1.0,"{""bangdream_027_2022_furisode"": 1.0, ""bangdream_027_2024_furisode"": 0.995073}","prefer usable pool candidate, then current_pool, then lexical key"
dedup-0171,bangdream_027_event_194_story_01,2,"[""bangdream_027_event_194_story_01"", ""bangdream_027_swim_swit""]",embedding_cosine,0.992,0.994281,1.0,"{""bangdream_027_event_194_story_01"": 1.0, ""bangdream_027_swim_swit"": 0.994281}","prefer usable pool candidate, then current_pool, then lexical key"
dedup-0172,bangdream_027_event_203_story_01,2,"[""bangdream_027_event_203_story_01"", ""bangdream_027_live_event_203_sr""]",embedding_cosine,0.992,0.998312,1.0,"{""bangdream_027_event_203_story_01"": 1.0, ""bangdream_027_live_event_203_sr"": 0.998312}","prefer usable pool candidate, then current_pool, then lexical key"
dedup-0173,bangdream_027_live_event_227_ur,2,"[""bangdream_027_event_227_story_01"", ""bangdream_027_live_event_227_ur""]",embedding_cosine,0.992,0.999895,1.0,"{""bangdream_027_event_227_story_01"": 0.999895, ""bangdream_027_live_event_227_ur"": 1.0}","prefer usable pool candidate, then current_pool, then lexical key"
dedup-0174,bangdream_027_event_272_story_01,2,"[""bangdream_027_event_272_story_01"", ""bangdream_027_live_event_272_ur""]",embedding_cosine,0.992,0.996979,1.0,"{""bangdream_027_event_272_story_01"": 1.0, ""bangdream_027_live_event_272_ur"": 0.996979}","prefer usable pool candidate, then current_pool, then lexical key"
dedup-0175,bangdream_027_school_summer,2,"[""bangdream_027_school_summer"", ""bangdream_027_school_summer-2023""]",embedding_cosine,0.992,0.994902,1.0,"{""bangdream_027_school_summer"": 1.0, ""bangdream_027_school_summer-2023"": 0.994902}","prefer usable pool candidate, then current_pool, then lexical key"
dedup-0176,bangdream_027_school_winter,2,"[""bangdream_027_school_winter"", ""bangdream_027_school_winter-2023""]",embedding_cosine,0.992,0.994478,1.0,"{""bangdream_027_school_winter"": 1.0, ""bangdream_027_school_winter-2023"": 0.994478}","prefer usable pool candidate, then current_pool, then lexical key"
dedup-0177,bangdream_028_arbeit_2023,2,"[""bangdream_028_arbeit_2023"", ""bangdream_028_event_157_story_01""]",embedding_cosine,0.992,0.99365,1.0,"{""bangdream_028_arbeit_2023"": 1.0, ""bangdream_028_event_157_story_01"": 0.99365}","prefer usable pool candidate, then current_pool, then lexical key"
dedup-0178,bangdream_028_casual,2,"[""bangdream_028_casual"", ""bangdream_028_casual_v3""]",embedding_cosine,0.992,0.998556,1.0,"{""bangdream_028_casual"": 1.0, ""bangdream_028_casual_v3"": 0.998556}","prefer usable pool candidate, then current_pool, then lexical key"
dedup-0179,bangdream_028_event_194_story_01,2,"[""bangdream_028_event_194_story_01"", ""bangdream_028_swim_swit""]",embedding_cosine,0.992,0.992055,1.0,"{""bangdream_028_event_194_story_01"": 1.0, ""bangdream_028_swim_swit"": 0.992055}","prefer usable pool candidate, then current_pool, then lexical key"
dedup-0180,bangdream_028_event_203_story_01,2,"[""bangdream_028_event_203_story_01"", ""bangdream_028_live_event_203_sr""]",embedding_cosine,0.992,0.998571,1.0,"{""bangdream_028_event_203_story_01"": 1.0, ""bangdream_028_live_event_203_sr"": 0.998571}","prefer usable pool candidate, then current_pool, then lexical key"
dedup-0181,bangdream_028_event_272_story_01,2,"[""bangdream_028_event_272_story_01"", ""bangdream_028_live_event_272_ssr""]",embedding_cosine,0.992,0.99865,1.0,"{""bangdream_028_event_272_story_01"": 1.0, ""bangdream_028_live_event_272_ssr"": 0.99865}","prefer usable pool candidate, then current_pool, then lexical key"
dedup-0182,bangdream_028_school_summer,2,"[""bangdream_028_school_summer"", ""bangdream_028_school_summer-2023""]",embedding_cosine,0.992,0.994551,1.0,"{""bangdream_028_school_summer"": 1.0, ""bangdream_028_school_summer-2023"": 0.994551}","prefer usable pool candidate, then current_pool, then lexical key"
dedup-0183,bangdream_028_school_winter,2,"[""bangdream_028_school_winter"", ""bangdream_028_school_winter-2023""]",embedding_cosine,0.992,0.995476,1.0,"{""bangdream_028_school_winter"": 1.0, ""bangdream_028_school_winter-2023"": 0.995476}","prefer usable pool candidate, then current_pool, then lexical key"
dedup-0184,bangdream_029_arbeit,2,"[""bangdream_029_arbeit"", ""bangdream_029_arbeit-2023""]",embedding_cosine,0.992,0.995122,1.0,"{""bangdream_029_arbeit"": 1.0, ""bangdream_029_arbeit-2023"": 0.995122}","prefer usable pool candidate, then current_pool, then lexical key"
dedup-0185,bangdream_029_event_203_story_01,2,"[""bangdream_029_event_203_story_01"", ""bangdream_029_live_event_203_ssr""]",embedding_cosine,0.992,0.999968,1.0,"{""bangdream_029_event_203_story_01"": 1.0, ""bangdream_029_live_event_203_ssr"": 0.999968}","prefer usable pool candidate, then current_pool, then lexical key"
dedup-0186,bangdream_029_live_event_272_ur,2,"[""bangdream_029_event_272_story_01"", ""bangdream_029_live_event_272_ur""]",embedding_cosine,0.992,0.996889,1.0,"{""bangdream_029_event_272_story_01"": 0.996889, ""bangdream_029_live_event_272_ur"": 1.0}","prefer usable pool candidate, then current_pool, then lexical key"
dedup-0187,bangdream_029_school_summer,2,"[""bangdream_029_school_summer"", ""bangdream_029_school_summer-2023""]",embedding_cosine,0.992,0.994357,1.0,"{""bangdream_029_school_summer"": 1.0, ""bangdream_029_school_summer-2023"": 0.994357}","prefer usable pool candidate, then current_pool, then lexical key"
dedup-0188,bangdream_029_school_winter,2,"[""bangdream_029_school_winter"", ""bangdream_029_school_winter-2023""]",embedding_cosine,0.992,0.995584,1.0,"{""bangdream_029_school_winter"": 1.0, ""bangdream_029_school_winter-2023"": 0.995584}","prefer usable pool candidate, then current_pool, then lexical key"
dedup-0189,bangdream_030_event_194_story_01,2,"[""bangdream_030_event_194_story_01"", ""bangdream_030_swim_swit""]",embedding_cosine,0.992,0.992348,1.0,"{""bangdream_030_event_194_story_01"": 1.0, ""bangdream_030_swim_swit"": 0.992348}","prefer usable pool candidate, then current_pool, then lexical key"
dedup-0190,bangdream_030_event_203_story_01,2,"[""bangdream_030_event_203_story_01"", ""bangdream_030_live_event_203_sr""]",embedding_cosine,0.992,0.999846,1.0,"{""bangdream_030_event_203_story_01"": 1.0, ""bangdream_030_live_event_203_sr"": 0.999846}","prefer usable pool candidate, then current_pool, then lexical key"
dedup-0191,bangdream_030_event_227_story_01,2,"[""bangdream_030_event_227_story_01"", ""bangdream_030_live_event_227_ssr""]",embedding_cosine,0.992,0.999283,1.0,"{""bangdream_030_event_227_story_01"": 1.0, ""bangdream_030_live_event_227_ssr"": 0.999283}","prefer usable pool candidate, then current_pool, then lexical key"
dedup-0192,bangdream_030_event_272_story_01,2,"[""bangdream_030_event_272_story_01"", ""bangdream_030_live_event_272_sr""]",embedding_cosine,0.992,0.997862,1.0,"{""bangdream_030_event_272_story_01"": 1.0, ""bangdream_030_live_event_272_sr"": 0.997862}","prefer usable pool candidate, then current_pool, then lexical key"
dedup-0193,bangdream_030_school_summer,2,"[""bangdream_030_school_summer"", ""bangdream_030_school_summer-2023""]",embedding_cosine,0.992,0.994481,1.0,"{""bangdream_030_school_summer"": 1.0, ""bangdream_030_school_summer-2023"": 0.994481}","prefer usable pool candidate, then current_pool, then lexical key"
dedup-0194,bangdream_030_school_winter,2,"[""bangdream_030_school_winter"", ""bangdream_030_school_winter-2023""]",embedding_cosine,0.992,0.994206,1.0,"{""bangdream_030_school_winter"": 1.0, ""bangdream_030_school_winter-2023"": 0.994206}","prefer usable pool candidate, then current_pool, then lexical key"
dedup-0195,bangdream_031_event_308_story_01,2,"[""bangdream_031_event_308_story_01"", ""bangdream_031_live_event_308_r""]",embedding_cosine,0.992,0.99769,1.0,"{""bangdream_031_event_308_story_01"": 1.0, ""bangdream_031_live_event_308_r"": 0.99769}","prefer usable pool candidate, then current_pool, then lexical key"
dedup-0196,bangdream_032_event_128_story_01,2,"[""bangdream_032_event_128_story_01"", ""bangdream_032_live_event_128_ssr""]",embedding_cosine,0.992,0.997583,1.0,"{""bangdream_032_event_128_story_01"": 1.0, ""bangdream_032_live_event_128_ssr"": 0.997583}","prefer usable pool candidate, then current_pool, then lexical key"
dedup-0197,bangdream_032_event_187_story_01,2,"[""bangdream_032_event_187_story_01"", ""bangdream_032_live_default""]",embedding_cosine,0.992,0.999714,1.0,"{""bangdream_032_event_187_story_01"": 1.0, ""bangdream_032_live_default"": 0.999714}","prefer usable pool candidate, then current_pool, then lexical key"
dedup-0198,bangdream_032_event_216_story_01,2,"[""bangdream_032_event_216_story_01"", ""bangdream_032_school_winter""]",embedding_cosine,0.992,0.9982,1.0,"{""bangdream_032_event_216_story_01"": 1.0, ""bangdream_032_school_winter"": 0.9982}","prefer usable pool candidate, then current_pool, then lexical key"
dedup-0199,bangdream_032_live_event_308_ur,2,"[""bangdream_032_event_308_story_01"", ""bangdream_032_live_event_308_ur""]",embedding_cosine,0.992,0.999838,1.0,"{""bangdream_032_event_308_story_01"": 0.999838, ""bangdream_032_live_event_308_ur"": 1.0}","prefer usable pool candidate, then current_pool, then lexical key"
dedup-0200,bangdream_033_event_236_story_01,2,"[""bangdream_033_event_236_story_01"", ""bangdream_033_live_event_236_ssr""]",embedding_cosine,0.992,0.999851,1.0,"{""bangdream_033_event_236_story_01"": 1.0, ""bangdream_033_live_event_236_ssr"": 0.999851}","prefer usable pool candidate, then current_pool, then lexical key"
dedup-0201,bangdream_033_event_308_story_01,2,"[""bangdream_033_event_308_story_01"", ""bangdream_033_live_event_308_sr""]",embedding_cosine,0.992,0.999503,1.0,"{""bangdream_033_event_308_story_01"": 1.0, ""bangdream_033_live_event_308_sr"": 0.999503}","prefer usable pool candidate, then current_pool, then lexical key"
dedup-0202,bangdream_033_school_winter,2,"[""bangdream_033_school_winter"", ""bangdream_033_school_winter-2023""]",embedding_cosine,0.992,0.995863,1.0,"{""bangdream_033_school_winter"": 1.0, ""bangdream_033_school_winter-2023"": 0.995863}","prefer usable pool candidate, then current_pool, then lexical key"
dedup-0203,bangdream_034_live_event_308_ur,2,"[""bangdream_034_event_308_story_01"", ""bangdream_034_live_event_308_ur""]",embedding_cosine,0.992,0.998059,1.0,"{""bangdream_034_event_308_story_01"": 0.998059, ""bangdream_034_live_event_308_ur"": 1.0}","prefer usable pool candidate, then current_pool, then lexical key"
dedup-0204,bangdream_034_school_winter,2,"[""bangdream_034_school_winter"", ""bangdream_034_school_winter-2023""]",embedding_cosine,0.992,0.996648,1.0,"{""bangdream_034_school_winter"": 1.0, ""bangdream_034_school_winter-2023"": 0.996648}","prefer usable pool candidate, then current_pool, then lexical key"
dedup-0205,bangdream_035_event_308_story_01,2,"[""bangdream_035_event_308_story_01"", ""bangdream_035_live_event_308_ssr""]",embedding_cosine,0.992,0.999039,1.0,"{""bangdream_035_event_308_story_01"": 1.0, ""bangdream_035_live_event_308_ssr"": 0.999039}","prefer usable pool candidate, then current_pool, then lexical key"
dedup-0206,bangdream_035_school_winter,2,"[""bangdream_035_school_winter"", ""bangdream_035_school_winter-2023""]",embedding_cosine,0.992,0.995952,1.0,"{""bangdream_035_school_winter"": 1.0, ""bangdream_035_school_winter-2023"": 0.995952}","prefer usable pool candidate, then current_pool, then lexical key"
dedup-0207,bangdream_038_birthday_2024_ssr,2,"[""bangdream_038_birthday_2024_ssr"", ""bangdream_038_live_event_287_ssr""]",embedding_cosine,0.992,0.997622,1.0,"{""bangdream_038_birthday_2024_ssr"": 1.0, ""bangdream_038_live_event_287_ssr"": 0.997622}","prefer usable pool candidate, then current_pool, then lexical key"
