resource_key,pipeline_status,recommended_pool,review_reason_codes,render_status,render_image_path,tagger_status,tagger_policy_tag_scores_json,review_queue_kind
bangdream_upstream_201_casual,out_of_scope,pending,,,,,,pipeline_pending
bangdream_upstream_201_casual-2023,out_of_scope,pending,,,,,,pipeline_pending
bangdream_upstream_201_event_289_story_01,out_of_scope,pending,,,,,,pipeline_pending
bangdream_upstream_201_marina_other-41,out_of_scope,pending,,,,,,pipeline_pending
bangdream_upstream_201_special_5th,out_of_scope,pending,,,,,,pipeline_pending
bangdream_upstream_209_casual,out_of_scope,pending,,,,,,pipeline_pending
bangdream_upstream_209_event_110_story_01,out_of_scope,pending,,,,,,pipeline_pending
bangdream_upstream_209_story_01,out_of_scope,pending,,,,,,pipeline_pending
bangdream_upstream_210_casual,out_of_scope,pending,,,,,,pipeline_pending
bangdream_upstream_211_default,out_of_scope,pending,,,,,,pipeline_pending
bangdream_upstream_212_casual,out_of_scope,pending,,,,,,pipeline_pending
bangdream_upstream_213_casual,out_of_scope,pending,,,,,,pipeline_pending
bangdream_upstream_214_casual,out_of_scope,pending,,,,,,pipeline_pending
bangdream_upstream_214_casual-2023,out_of_scope,pending,,,,,,pipeline_pending
bangdream_upstream_214_event_102_story_01,out_of_scope,pending,,,,,,pipeline_pending
bangdream_upstream_214_event_113_story_01,out_of_scope,pending,,,,,,pipeline_pending
bangdream_upstream_214_event_119_story_01,out_of_scope,pending,,,,,,pipeline_pending
bangdream_upstream_214_event_128_story_01,out_of_scope,pending,,,,,,pipeline_pending
bangdream_upstream_214_event_147_story_01,out_of_scope,pending,,,,,,pipeline_pending
bangdream_upstream_214_event_216_story_01,out_of_scope,pending,,,,,,pipeline_pending
bangdream_upstream_214_school_summer,out_of_scope,pending,,,,,,pipeline_pending
bangdream_upstream_214_school_winter-2023,out_of_scope,pending,,,,,,pipeline_pending
bangdream_upstream_214_school_winter_s2,out_of_scope,pending,,,,,,pipeline_pending
bangdream_upstream_215_casual,out_of_scope,pending,,,,,,pipeline_pending
bangdream_upstream_216_school,out_of_scope,pending,,,,,,pipeline_pending
bangdream_upstream_217_event_40,out_of_scope,pending,,,,,,pipeline_pending
bangdream_upstream_218_live_default,out_of_scope,pending,,,,,,pipeline_pending
bangdream_upstream_218_story_01,out_of_scope,pending,,,,,,pipeline_pending
bangdream_upstream_219_live_default,out_of_scope,pending,,,,,,pipeline_pending
bangdream_upstream_219_story_01,out_of_scope,pending,,,,,,pipeline_pending
bangdream_upstream_220_live_default,out_of_scope,pending,,,,,,pipeline_pending
bangdream_upstream_220_story_01,out_of_scope,pending,,,,,,pipeline_pending
bangdream_upstream_221_story_01,out_of_scope,pending,,,,,,pipeline_pending
bangdream_upstream_222_story_01,out_of_scope,pending,,,,,,pipeline_pending
bangdream_upstream_222_story_01-2023,out_of_scope,pending,,,,,,pipeline_pending
bangdream_upstream_225_casual,out_of_scope,pending,,,,,,pipeline_pending
bangdream_upstream_225_event_289_story_01,out_of_scope,pending,,,,,,pipeline_pending
bangdream_upstream_226_casual,out_of_scope,pending,,,,,,pipeline_pending
bangdream_upstream_227_chairperson_casual,out_of_scope,pending,,,,,,pipeline_pending
bangdream_upstream_228_casual-2023,out_of_scope,pending,,,,,,pipeline_pending
bangdream_upstream_228_school_summer-2023,out_of_scope,pending,,,,,,pipeline_pending
bangdream_upstream_228_school_winter-2023,out_of_scope,pending,,,,,,pipeline_pending
bangdream_upstream_229_sumimi,out_of_scope,pending,,,,,,pipeline_pending
bangdream_upstream_302_anime_live,out_of_scope,pending,,,,,,pipeline_pending
bangdream_upstream_302_casual,out_of_scope,pending,,,,,,pipeline_pending
bangdream_upstream_302_event_04,out_of_scope,pending,,,,,,pipeline_pending
bangdream_upstream_302_school_winter,out_of_scope,pending,,,,,,pipeline_pending
bangdream_upstream_303_casual,out_of_scope,pending,,,,,,pipeline_pending
bangdream_upstream_304_casual,out_of_scope,pending,,,,,,pipeline_pending
bangdream_upstream_304_chispa,out_of_scope,pending,,,,,,pipeline_pending
bangdream_upstream_304_school,out_of_scope,pending,,,,,,pipeline_pending
bangdream_upstream_304_school_summer,out_of_scope,pending,,,,,,pipeline_pending
bangdream_upstream_305_casual,out_of_scope,pending,,,,,,pipeline_pending
bangdream_upstream_307_event_47_story_01,out_of_scope,pending,,,,,,pipeline_pending
bangdream_upstream_308_event_47_story_01,out_of_scope,pending,,,,,,pipeline_pending
bangdream_upstream_309_event_52_yukina-rinko_story01,out_of_scope,pending,,,,,,pipeline_pending
bangdream_upstream_309_event_52_yukina-rinko_story02,out_of_scope,pending,,,,,,pipeline_pending
bangdream_upstream_310_event_218_story_01,out_of_scope,pending,,,,,,pipeline_pending
bangdream_upstream_310_event_62_story_01,out_of_scope,pending,,,,,,pipeline_pending
bangdream_upstream_311_event_62_story_01,out_of_scope,pending,,,,,,pipeline_pending
bangdream_upstream_312_event_62_story_01,out_of_scope,pending,,,,,,pipeline_pending
bangdream_upstream_313_event_294_story_01,out_of_scope,pending,,,,,,pipeline_pending
bangdream_upstream_313_event_62_story_01,out_of_scope,pending,,,,,,pipeline_pending
bangdream_upstream_314_event_62_story_01,out_of_scope,pending,,,,,,pipeline_pending
bangdream_upstream_315_event_70_story_01,out_of_scope,pending,,,,,,pipeline_pending
bangdream_upstream_316_event_77_story_01,out_of_scope,pending,,,,,,pipeline_pending
bangdream_upstream_317_school_winter,out_of_scope,pending,,,,,,pipeline_pending
bangdream_upstream_318_event_81_story_01,out_of_scope,pending,,,,,,pipeline_pending
bangdream_upstream_319_event_81_story_01,out_of_scope,pending,,,,,,pipeline_pending
bangdream_upstream_320_event_100_story_01,out_of_scope,pending,,,,,,pipeline_pending
bangdream_upstream_321_event_100_story_01,out_of_scope,pending,,,,,,pipeline_pending
bangdream_upstream_322_school_winter,out_of_scope,pending,,,,,,pipeline_pending
bangdream_upstream_323_school_winter,out_of_scope,pending,,,,,,pipeline_pending
bangdream_upstream_326_event_134_story_01,out_of_scope,pending,,,,,,pipeline_pending
bangdream_upstream_327_event_134_story_01,out_of_scope,pending,,,,,,pipeline_pending
bangdream_upstream_328_casual,out_of_scope,pending,,,,,,pipeline_pending
bangdream_upstream_329_event_140_story_01,out_of_scope,pending,,,,,,pipeline_pending
bangdream_upstream_330_event_166_story_01,out_of_scope,pending,,,,,,pipeline_pending
bangdream_upstream_331_event_166_story_01,out_of_scope,pending,,,,,,pipeline_pending
bangdream_upstream_332_event_166_story_01,out_of_scope,pending,,,,,,pipeline_pending
bangdream_upstream_333_event_172_story_01,out_of_scope,pending,,,,,,pipeline_pending
bangdream_upstream_334_event_190_story_01,out_of_scope,pending,,,,,,pipeline_pending
bangdream_upstream_335_event_203_story_01,out_of_scope,pending,,,,,,pipeline_pending
bangdream_upstream_336_event_203_story_01,out_of_scope,pending,,,,,,pipeline_pending
bangdream_upstream_342_event_236_story_01,out_of_scope,pending,,,,,,pipeline_pending
bangdream_upstream_343_event_286_story_01,out_of_scope,pending,,,,,,pipeline_pending
bangdream_upstream_344_casual-2023,out_of_scope,pending,,,,,,pipeline_pending
bangdream_upstream_345_casual-2023,out_of_scope,pending,,,,,,pipeline_pending
bangdream_upstream_346_event_312_story_01,out_of_scope,pending,,,,,,pipeline_pending
bangdream_upstream_347_event_312_story_01,out_of_scope,pending,,,,,,pipeline_pending
bangdream_upstream_348_event_312_story_01,out_of_scope,pending,,,,,,pipeline_pending
bangdream_upstream_349_event_312_story_01,out_of_scope,pending,,,,,,pipeline_pending
bangdream_upstream_350_event_312_story_01,out_of_scope,pending,,,,,,pipeline_pending
bangdream_upstream_351_event_313_story_01,out_of_scope,pending,,,,,,pipeline_pending
bangdream_upstream_352_event_313_story_01,out_of_scope,pending,,,,,,pipeline_pending
bangdream_upstream_353_event_313_story_01,out_of_scope,pending,,,,,,pipeline_pending
bangdream_upstream_354_event_313_story_01,out_of_scope,pending,,,,,,pipeline_pending
bangdream_upstream_355_event_313_story_01,out_of_scope,pending,,,,,,pipeline_pending
bangdream_upstream_501_story_1,out_of_scope,pending,,,,,,pipeline_pending
bangdream_upstream_502_story_1,out_of_scope,pending,,,,,,pipeline_pending
bangdream_upstream_601_live_default,out_of_scope,pending,,,,,,pipeline_pending
bangdream_upstream_601_live_r_2023,out_of_scope,pending,,,,,,pipeline_pending
bangdream_upstream_bili_001_collabo_r,out_of_scope,pending,,,,,,pipeline_pending
bangdream_upstream_bili_016_collabo_ssr,out_of_scope,pending,,,,,,pipeline_pending
bangdream_upstream_bili_021_collabo_ur,out_of_scope,pending,,,,,,pipeline_pending
bangdream_upstream_bili_026_collabo_ur,out_of_scope,pending,,,,,,pipeline_pending
bangdream_upstream_l2dres00001_,out_of_scope,pending,,,,,,pipeline_pending
