resource_key,model_key,character_code,character_name,variant,resource_type,runtime,manifest_path,render_status,complete_person_decision,complete_person_reason,canvas_width,canvas_height,model_width,model_height,nonblank_pixels,nonblank_ratio,bounds_min_x,bounds_min_y,bounds_max_x,bounds_max_y,bounds_width,bounds_height,slot_x,slot_y,slot_width,slot_height,bounds_inside_ratio,fill_width_ratio,fill_height_ratio,left_overflow,right_overflow,top_overflow,bottom_overflow,issue_level,texture_count,texture_pixels,render_canvas_sha256,screenshot_path,error_stage,error_message,audited_at,duration_ms
bangdream_001_casual,001_casual,001,户山香澄,casual,半身 / 私服立绘,cubism2,src/vendor/deskpet/bangdream-models/001_casual/model.json,rendered,pass,runtime loaded and alpha bounds match a visible half-body character,440,520,392,490,61712,0.26972,0,65,439,436,440,372,52,34,344,430,0.779717,1.27907,0.865116,52,43,0,0,good,1,1048576,a74b6565cd3f904f4869ecef26efc6889231b1b06fbbd8707b0acb0d6a662cfb,.cache/deskpet-audit/render-screenshots/bangdream_001_casual.png,,,2026-06-14T19:18:55.670Z,1106
bangdream_001_casual_summer,001_casual_summer,001,户山香澄,casual_summer,半身 / 夏装立绘,cubism2,src/vendor/deskpet/bangdream-models/001_casual_summer/model.json,rendered,pass,runtime loaded and alpha bounds match a visible half-body character,440,520,392,490,58058,0.25375,0,65,439,436,440,372,52,34,344,430,0.779717,1.27907,0.865116,52,43,0,0,good,1,1048576,24880e9e0e67ea79773731da2448612e08fa18bba87f4b754864b19ad7c193e3,.cache/deskpet-audit/render-screenshots/bangdream_001_casual_summer.png,,,2026-06-14T19:18:56.777Z,1116
bangdream_001_casual_winter,001_casual_winter,001,户山香澄,casual_winter,半身 / 冬装立绘,cubism2,src/vendor/deskpet/bangdream-models/001_casual_winter/model.json,rendered,pass,runtime loaded and alpha bounds match a visible half-body character,440,520,392,490,61036,0.266766,0,65,439,436,440,372,52,34,344,430,0.779717,1.27907,0.865116,52,43,0,0,good,1,1048576,ca21b37ae27527b4ead7ffe511d3f37fa70bab082fb8543b4e84290580c4f05c,.cache/deskpet-audit/render-screenshots/bangdream_001_casual_winter.png,,,2026-06-14T19:18:57.893Z,1065
bangdream_002_casual,002_casual,002,花园多惠,casual,半身 / 私服立绘,cubism2,src/vendor/deskpet/bangdream-models/002_casual/model.json,rendered,pass,runtime loaded and alpha bounds match a visible half-body character,440,520,392,490,58517,0.255756,0,46,439,436,440,391,52,34,344,430,0.779819,1.27907,0.909302,52,43,0,0,good,1,1048576,6b12beb7c3498320623c3709180b95e03dd2017309b62b9c2e7dee6dd99b05fd,.cache/deskpet-audit/render-screenshots/bangdream_002_casual.png,,,2026-06-14T19:18:58.958Z,1002
bangdream_002_casual_summer,002_casual_summer,002,花园多惠,casual_summer,半身 / 夏装立绘,cubism2,src/vendor/deskpet/bangdream-models/002_casual_summer/model.json,rendered,pass,runtime loaded and alpha bounds match a visible half-body character,440,520,392,490,59455,0.259856,0,46,439,436,440,391,52,34,344,430,0.779819,1.27907,0.909302,52,43,0,0,good,1,1048576,316acd8a59ff1c4ae02b1de5b00a61141367ee9b32a3a04a5393cc991efb96be,.cache/deskpet-audit/render-screenshots/bangdream_002_casual_summer.png,,,2026-06-14T19:18:59.960Z,1097
bangdream_002_casual_winter,002_casual_winter,002,花园多惠,casual_winter,半身 / 冬装立绘,cubism2,src/vendor/deskpet/bangdream-models/002_casual_winter/model.json,rendered,pass,runtime loaded and alpha bounds match a visible half-body character,440,520,392,490,60420,0.264073,0,46,439,436,440,391,52,34,344,430,0.779819,1.27907,0.909302,52,43,0,0,good,1,1048576,d6448274040dc7c4327064fddf2fd030d1a7c8c98303891dde8ee5cbb0ad6426,.cache/deskpet-audit/render-screenshots/bangdream_002_casual_winter.png,,,2026-06-14T19:19:01.057Z,1151
bangdream_003_casual,003_casual,003,牛込里美,casual,半身 / 私服立绘,cubism2,src/vendor/deskpet/bangdream-models/003_casual/model.json,rendered,pass,runtime loaded and alpha bounds match a visible half-body character,440,520,392,490,56790,0.248208,0,78,439,436,440,359,52,34,344,430,0.77964,1.27907,0.834884,52,43,0,0,good,1,1048576,1a034464878215c7dbf388df9ef85f81478d0632d02080d5ab750c0cab0a2d37,.cache/deskpet-audit/render-screenshots/bangdream_003_casual.png,,,2026-06-14T19:19:02.208Z,983
bangdream_003_casual_summer,003_casual_summer,003,牛込里美,casual_summer,半身 / 夏装立绘,cubism2,src/vendor/deskpet/bangdream-models/003_casual_summer/model.json,rendered,pass,runtime loaded and alpha bounds match a visible half-body character,440,520,392,490,58025,0.253606,0,75,439,436,440,362,52,34,344,430,0.779658,1.27907,0.84186,52,43,0,0,good,1,1048576,e3fef34ce2dff90fd2b4fa720935f56c077b8ecbe58d73537a28cea9b31dcf80,.cache/deskpet-audit/render-screenshots/bangdream_003_casual_summer.png,,,2026-06-14T19:19:03.191Z,1016
bangdream_003_casual_winter,003_casual_winter,003,牛込里美,casual_winter,半身 / 冬装立绘,cubism2,src/vendor/deskpet/bangdream-models/003_casual_winter/model.json,rendered,pass,runtime loaded and alpha bounds match a visible half-body character,440,520,392,490,59914,0.261862,0,69,439,436,440,368,52,34,344,430,0.779694,1.27907,0.855814,52,43,0,0,good,1,1048576,0b2f3f4f77bf4810c9168703ef4d55588e0ea577f1d78fd631ed3f1810d83cb1,.cache/deskpet-audit/render-screenshots/bangdream_003_casual_winter.png,,,2026-06-14T19:19:04.207Z,1033
bangdream_004_casual,004_casual,004,山吹沙绫,casual,半身 / 私服立绘,cubism2,src/vendor/deskpet/bangdream-models/004_casual/model.json,rendered,pass,runtime loaded and alpha bounds match a visible half-body character,440,520,392,490,59122,0.2584,0,26,439,436,440,411,52,34,344,430,0.764698,1.27907,0.955814,52,43,8,0,good,1,1048576,458da4089e4caf958e4b0a218c59116258d58430f475a2c6dc1547f94e382e7d,.cache/deskpet-audit/render-screenshots/bangdream_004_casual.png,,,2026-06-14T19:19:05.241Z,1017
bangdream_004_casual_summer,004_casual_summer,004,山吹沙绫,casual_summer,半身 / 夏装立绘,cubism2,src/vendor/deskpet/bangdream-models/004_casual_summer/model.json,rendered,pass,runtime loaded and alpha bounds match a visible half-body character,440,520,392,490,58462,0.255516,0,51,439,436,440,386,52,34,344,430,0.779793,1.27907,0.897674,52,43,0,0,good,1,1048576,340e5696bc7bc75dddfc5721d2ed2e273a2a105fabf7828c3e0835a4de025360,.cache/deskpet-audit/render-screenshots/bangdream_004_casual_summer.png,,,2026-06-14T19:19:06.257Z,1084
bangdream_004_casual_winter,004_casual_winter,004,山吹沙绫,casual_winter,半身 / 冬装立绘,cubism2,src/vendor/deskpet/bangdream-models/004_casual_winter/model.json,rendered,pass,runtime loaded and alpha bounds match a visible half-body character,440,520,392,490,58817,0.257067,0,51,439,436,440,386,52,34,344,430,0.779793,1.27907,0.897674,52,43,0,0,good,1,1048576,d2d43669718032cd21e2264673fff74d82234dbc288be0f249a8800dcca2f1c4,.cache/deskpet-audit/render-screenshots/bangdream_004_casual_winter.png,,,2026-06-14T19:19:07.341Z,1067
bangdream_005_casual,005_casual,005,市谷有咲,casual,半身 / 私服立绘,cubism2,src/vendor/deskpet/bangdream-models/005_casual/model.json,rendered,pass,runtime loaded and alpha bounds match a visible half-body character,440,520,392,490,61416,0.268427,0,74,439,436,440,363,52,34,344,430,0.779664,1.27907,0.844186,52,43,0,0,good,1,1048576,15c22c9ce2e072ef0725d145164d380b3955e8229cf2c86bae77264e7b749025,.cache/deskpet-audit/render-screenshots/bangdream_005_casual.png,,,2026-06-14T19:19:08.408Z,1033
bangdream_005_casual_summer,005_casual_summer,005,市谷有咲,casual_summer,半身 / 夏装立绘,cubism2,src/vendor/deskpet/bangdream-models/005_casual_summer/model.json,rendered,pass,runtime loaded and alpha bounds match a visible half-body character,440,520,392,490,59533,0.260197,0,75,439,436,440,362,52,34,344,430,0.779658,1.27907,0.84186,52,43,0,0,good,1,1048576,219d06f89da06e0e88436156f9ba46abfead89c43c2f1f494080fa712a5a7cb5,.cache/deskpet-audit/render-screenshots/bangdream_005_casual_summer.png,,,2026-06-14T19:19:09.441Z,1083
bangdream_005_casual_winter,005_casual_winter,005,市谷有咲,casual_winter,半身 / 冬装立绘,cubism2,src/vendor/deskpet/bangdream-models/005_casual_winter/model.json,rendered,pass,runtime loaded and alpha bounds match a visible half-body character,440,520,392,490,62666,0.27389,0,75,439,436,440,362,52,34,344,430,0.779658,1.27907,0.84186,52,43,0,0,good,1,1048576,d3b7cca3ac9d812cd11223136f185d497628a14ca85e26b58d0d4cf2a4255b51,.cache/deskpet-audit/render-screenshots/bangdream_005_casual_winter.png,,,2026-06-14T19:19:10.524Z,1084
bangdream_006_casual,006_casual,006,美竹兰,casual,半身 / 私服立绘,cubism2,src/vendor/deskpet/bangdream-models/006_casual/model.json,rendered,pass,runtime loaded and alpha bounds match a visible half-body character,440,520,392,490,58018,0.253575,0,62,439,436,440,375,52,34,344,430,0.779733,1.27907,0.872093,52,43,0,0,good,1,1048576,7e2d4f69222382e06d6c8ad912c42c7d92b879dae7b61c6d28b62db7aacb4428,.cache/deskpet-audit/render-screenshots/bangdream_006_casual.png,,,2026-06-14T19:19:11.608Z,998
bangdream_006_casual_summer,006_casual_summer,006,美竹兰,casual_summer,半身 / 夏装立绘,cubism2,src/vendor/deskpet/bangdream-models/006_casual_summer/model.json,rendered,pass,runtime loaded and alpha bounds match a visible half-body character,440,520,392,490,54942,0.240131,0,63,439,436,440,374,52,34,344,430,0.779728,1.27907,0.869767,52,43,0,0,good,1,1048576,27e8147cb6f9803f6a9af8a2665b8cf3e889b0d713f69ee77c74dbb095acb2e9,.cache/deskpet-audit/render-screenshots/bangdream_006_casual_summer.png,,,2026-06-14T19:19:12.606Z,1035
bangdream_006_casual_winter,006_casual_winter,006,美竹兰,casual_winter,半身 / 冬装立绘,cubism2,src/vendor/deskpet/bangdream-models/006_casual_winter/model.json,rendered,pass,runtime loaded and alpha bounds match a visible half-body character,440,520,392,490,58946,0.257631,0,62,439,436,440,375,52,34,344,430,0.779733,1.27907,0.872093,52,43,0,0,good,1,1048576,d0d90c47528fb4df96f871906e3bb0e411874e7c51e2eda5bc87457b12ad8a87,.cache/deskpet-audit/render-screenshots/bangdream_006_casual_winter.png,,,2026-06-14T19:19:13.641Z,1025
bangdream_007_casual,007_casual,007,青叶摩卡,casual,半身 / 私服立绘,cubism2,src/vendor/deskpet/bangdream-models/007_casual/model.json,rendered,pass,runtime loaded and alpha bounds match a visible half-body character,440,520,392,490,57968,0.253357,0,61,439,436,440,376,52,34,344,430,0.779739,1.27907,0.874419,52,43,0,0,good,1,1048576,da1a0a4c180d225535e3af20bc93735b48bc493c3b43397a206de985173c5e44,.cache/deskpet-audit/render-screenshots/bangdream_007_casual.png,,,2026-06-14T19:19:14.666Z,1008
bangdream_007_casual_summer,007_casual_summer,007,青叶摩卡,casual_summer,半身 / 夏装立绘,cubism2,src/vendor/deskpet/bangdream-models/007_casual_summer/model.json,rendered,pass,runtime loaded and alpha bounds match a visible half-body character,440,520,392,490,56807,0.248282,0,61,439,436,440,376,52,34,344,430,0.779739,1.27907,0.874419,52,43,0,0,good,1,1048576,217b0a62e303886c1e9e286a995911d8275975f64657617e42f6b29b60268755,.cache/deskpet-audit/render-screenshots/bangdream_007_casual_summer.png,,,2026-06-14T19:19:15.673Z,1000
bangdream_007_casual_winter,007_casual_winter,007,青叶摩卡,casual_winter,半身 / 冬装立绘,cubism2,src/vendor/deskpet/bangdream-models/007_casual_winter/model.json,rendered,pass,runtime loaded and alpha bounds match a visible half-body character,440,520,392,490,61791,0.270066,0,61,439,436,440,376,52,34,344,430,0.779739,1.27907,0.874419,52,43,0,0,good,1,1048576,e51f0771c3e14d5cb244e4ad1b102c8e0293e63ce3035f44e666e421dccdecc5,.cache/deskpet-audit/render-screenshots/bangdream_007_casual_winter.png,,,2026-06-14T19:19:16.673Z,1051
bangdream_008_casual,008_casual,008,上原绯玛丽,casual,半身 / 私服立绘,cubism2,src/vendor/deskpet/bangdream-models/008_casual/model.json,rendered,pass,runtime loaded and alpha bounds match a visible half-body character,440,520,392,490,60271,0.263422,0,68,439,436,440,369,52,34,344,430,0.779699,1.27907,0.85814,52,43,0,0,good,1,1048576,877d3d52a7583998933667a8814c1a3117fc6ee5e635b04536ce090b7ce83cd2,.cache/deskpet-audit/render-screenshots/bangdream_008_casual.png,,,2026-06-14T19:19:17.724Z,1034
bangdream_008_casual_summer,008_casual_summer,008,上原绯玛丽,casual_summer,半身 / 夏装立绘,cubism2,src/vendor/deskpet/bangdream-models/008_casual_summer/model.json,rendered,pass,runtime loaded and alpha bounds match a visible half-body character,440,520,392,490,59829,0.26149,0,68,439,436,440,369,52,34,344,430,0.779699,1.27907,0.85814,52,43,0,0,good,1,1048576,6caecdcd69a076b829b1e8bf0828be4ba763a121c6072602410b53f507d653fa,.cache/deskpet-audit/render-screenshots/bangdream_008_casual_summer.png,,,2026-06-14T19:19:18.758Z,1049
bangdream_008_casual_winter,008_casual_winter,008,上原绯玛丽,casual_winter,半身 / 冬装立绘,cubism2,src/vendor/deskpet/bangdream-models/008_casual_winter/model.json,rendered,pass,runtime loaded and alpha bounds match a visible half-body character,440,520,392,490,61072,0.266923,0,68,439,436,440,369,52,34,344,430,0.779699,1.27907,0.85814,52,43,0,0,good,1,1048576,42c1ee0f89024faf818810aa91258f2474bee68c2867950f8770d9cced172344,.cache/deskpet-audit/render-screenshots/bangdream_008_casual_winter.png,,,2026-06-14T19:19:19.807Z,1093
bangdream_009_casual,009_casual,009,宇田川巴,casual,半身 / 私服立绘,cubism2,src/vendor/deskpet/bangdream-models/009_casual/model.json,rendered,pass,runtime loaded and alpha bounds match a visible half-body character,440,520,392,490,66217,0.28941,0,31,439,436,440,406,52,34,344,430,0.774116,1.27907,0.944186,52,43,3,0,good,1,1048576,29ccf21f77842c3ef4110c743eb2859549aa1467d78202fd5260e49c2cbae2fa,.cache/deskpet-audit/render-screenshots/bangdream_009_casual.png,,,2026-06-14T19:19:20.900Z,1023
bangdream_009_casual_summer,009_casual_summer,009,宇田川巴,casual_summer,半身 / 夏装立绘,cubism2,src/vendor/deskpet/bangdream-models/009_casual_summer/model.json,rendered,pass,runtime loaded and alpha bounds match a visible half-body character,440,520,392,490,63038,0.275516,0,32,439,436,440,405,52,34,344,430,0.776027,1.27907,0.94186,52,43,2,0,good,1,1048576,1b0185ffd69a42476f1b71bbf4081489c76344b42cb5f20db59195efc7676286,.cache/deskpet-audit/render-screenshots/bangdream_009_casual_summer.png,,,2026-06-14T19:19:21.923Z,1016
bangdream_009_casual_winter,009_casual_winter,009,宇田川巴,casual_winter,半身 / 冬装立绘,cubism2,src/vendor/deskpet/bangdream-models/009_casual_winter/model.json,rendered,pass,runtime loaded and alpha bounds match a visible half-body character,440,520,392,490,67020,0.29292,0,31,439,436,440,406,52,34,344,430,0.774116,1.27907,0.944186,52,43,3,0,good,1,1048576,749a8362d3131efdc0565388661881edef552032d9d7142b41f4c4fd45d1d1cf,.cache/deskpet-audit/render-screenshots/bangdream_009_casual_winter.png,,,2026-06-14T19:19:22.940Z,1050
bangdream_010_casual,010_casual,010,羽泽鸫,casual,半身 / 私服立绘,cubism2,src/vendor/deskpet/bangdream-models/010_casual/model.json,rendered,pass,runtime loaded and alpha bounds match a visible half-body character,440,520,392,490,57915,0.253125,0,65,439,436,440,372,52,34,344,430,0.779717,1.27907,0.865116,52,43,0,0,good,1,1048576,cf8909bbf30dff7b0ba422afb7ed09d1c070c85a34707b8de8337ca3f131c30b,.cache/deskpet-audit/render-screenshots/bangdream_010_casual.png,,,2026-06-14T19:19:23.990Z,1000
bangdream_010_casual_summer,010_casual_summer,010,羽泽鸫,casual_summer,半身 / 夏装立绘,cubism2,src/vendor/deskpet/bangdream-models/010_casual_summer/model.json,rendered,pass,runtime loaded and alpha bounds match a visible half-body character,440,520,392,490,59349,0.259392,0,65,439,436,440,372,52,34,344,430,0.779717,1.27907,0.865116,52,43,0,0,good,1,1048576,7f6665e6ac19783c052574c62da85818f0095ed2f20b78dd3596a33643b58d05,.cache/deskpet-audit/render-screenshots/bangdream_010_casual_summer.png,,,2026-06-14T19:19:24.990Z,1050
bangdream_010_casual_winter,010_casual_winter,010,羽泽鸫,casual_winter,半身 / 冬装立绘,cubism2,src/vendor/deskpet/bangdream-models/010_casual_winter/model.json,rendered,pass,runtime loaded and alpha bounds match a visible half-body character,440,520,392,490,59234,0.25889,0,65,439,436,440,372,52,34,344,430,0.779717,1.27907,0.865116,52,43,0,0,good,1,1048576,54109251ac0c5388a079348f5d41bc22581685760fa4be9d0522b5da9af375ac,.cache/deskpet-audit/render-screenshots/bangdream_010_casual_winter.png,,,2026-06-14T19:19:26.040Z,1034
bangdream_011_casual,011_casual,011,弦卷心,casual,半身 / 私服立绘,cubism2,src/vendor/deskpet/bangdream-models/011_casual/model.json,rendered,pass,runtime loaded and alpha bounds match a visible half-body character,440,520,392,490,59327,0.259296,0,69,439,436,440,368,52,34,344,430,0.779694,1.27907,0.855814,52,43,0,0,good,1,1048576,9d123142e6f626303129e32251fa839bfdc4045a124a24047732f095b062797e,.cache/deskpet-audit/render-screenshots/bangdream_011_casual.png,,,2026-06-14T19:19:27.074Z,1049
bangdream_011_casual_summer,011_casual_summer,011,弦卷心,casual_summer,半身 / 夏装立绘,cubism2,src/vendor/deskpet/bangdream-models/011_casual_summer/model.json,rendered,pass,runtime loaded and alpha bounds match a visible half-body character,440,520,392,490,59020,0.257955,0,69,439,436,440,368,52,34,344,430,0.779694,1.27907,0.855814,52,43,0,0,good,1,1048576,6b6a789ef25c5736745ab751e4e6dfb9f70267d92e25acfdafa295b0dee6042b,.cache/deskpet-audit/render-screenshots/bangdream_011_casual_summer.png,,,2026-06-14T19:19:28.123Z,1083
bangdream_011_casual_winter,011_casual_winter,011,弦卷心,casual_winter,半身 / 冬装立绘,cubism2,src/vendor/deskpet/bangdream-models/011_casual_winter/model.json,rendered,pass,runtime loaded and alpha bounds match a visible half-body character,440,520,392,490,65643,0.286901,0,41,439,436,440,396,52,34,344,430,0.779844,1.27907,0.92093,52,43,0,0,good,1,1048576,71e910c1ff8c7091d5b40ad5ab83e263f9dfbb51b1e2b528884566b75b7870bb,.cache/deskpet-audit/render-screenshots/bangdream_011_casual_winter.png,,,2026-06-14T19:19:29.207Z,1117
bangdream_012_casual,012_casual,012,濑田薰,casual,半身 / 私服立绘,cubism2,src/vendor/deskpet/bangdream-models/012_casual/model.json,rendered,pass,runtime loaded and alpha bounds match a visible half-body character,440,520,392,490,64466,0.281757,0,24,439,436,440,413,52,34,344,430,0.760995,1.27907,0.960465,52,43,10,0,good,1,1048576,20ca4dd8b629a0788f660942d88a1ea8b7ab546d0184255f971fe069b37e4a5c,.cache/deskpet-audit/render-screenshots/bangdream_012_casual.png,,,2026-06-14T19:19:30.324Z,1016
bangdream_012_casual_summer,012_casual_summer,012,濑田薰,casual_summer,半身 / 夏装立绘,cubism2,src/vendor/deskpet/bangdream-models/012_casual_summer/model.json,rendered,pass,runtime loaded and alpha bounds match a visible half-body character,440,520,392,490,62685,0.273973,0,25,439,436,440,412,52,34,344,430,0.762842,1.27907,0.95814,52,43,9,0,good,1,1048576,7e1d9197fafaa289a6c491ec474ac4f9dc106bd2fe148e1abfc41bbd2808ea93,.cache/deskpet-audit/render-screenshots/bangdream_012_casual_summer.png,,,2026-06-14T19:19:31.340Z,1050
bangdream_012_casual_winter,012_casual_winter,012,濑田薰,casual_winter,半身 / 冬装立绘,cubism2,src/vendor/deskpet/bangdream-models/012_casual_winter/model.json,rendered,pass,runtime loaded and alpha bounds match a visible half-body character,440,520,392,490,65989,0.288413,0,24,439,436,440,413,52,34,344,430,0.760995,1.27907,0.960465,52,43,10,0,good,1,1048576,c60df674eec7add5bc156da73333837553ba16102000ecf3147601b11259fd7a,.cache/deskpet-audit/render-screenshots/bangdream_012_casual_winter.png,,,2026-06-14T19:19:32.390Z,1050
bangdream_013_casual,013_casual,013,北泽育美,casual,半身 / 私服立绘,cubism2,src/vendor/deskpet/bangdream-models/013_casual/model.json,rendered,pass,runtime loaded and alpha bounds match a visible half-body character,440,520,392,490,56930,0.24882,0,69,439,436,440,368,52,34,344,430,0.779694,1.27907,0.855814,52,43,0,0,good,1,1048576,f6e3fe677ef65ecfad8370efbd5139f4b41a49a5dc92aef407526603c0fbf4ec,.cache/deskpet-audit/render-screenshots/bangdream_013_casual.png,,,2026-06-14T19:19:33.440Z,999
bangdream_013_casual_summer,013_casual_summer,013,北泽育美,casual_summer,半身 / 夏装立绘,cubism2,src/vendor/deskpet/bangdream-models/013_casual_summer/model.json,rendered,pass,runtime loaded and alpha bounds match a visible half-body character,440,520,392,490,55558,0.242823,0,68,439,436,440,369,52,34,344,430,0.779699,1.27907,0.85814,52,43,0,0,good,1,1048576,5f366f89445851458a71fe8c8a9b65df33e76c3d3144b4fc294687c774c33a02,.cache/deskpet-audit/render-screenshots/bangdream_013_casual_summer.png,,,2026-06-14T19:19:34.439Z,1034
bangdream_013_casual_winter,013_casual_winter,013,北泽育美,casual_winter,半身 / 冬装立绘,cubism2,src/vendor/deskpet/bangdream-models/013_casual_winter/model.json,rendered,pass,runtime loaded and alpha bounds match a visible half-body character,440,520,392,490,60683,0.265223,0,63,439,436,440,374,52,34,344,430,0.779728,1.27907,0.869767,52,43,0,0,good,1,1048576,ef1c156456059fae782c1403153e9fa918acd8af8f5742524b0a3341b6ca91f7,.cache/deskpet-audit/render-screenshots/bangdream_013_casual_winter.png,,,2026-06-14T19:19:35.473Z,1033
bangdream_014_casual,014_casual,014,松原花音,casual,半身 / 私服立绘,cubism2,src/vendor/deskpet/bangdream-models/014_casual/model.json,rendered,pass,runtime loaded and alpha bounds match a visible half-body character,440,520,392,490,64211,0.280642,0,65,439,436,440,372,52,34,344,430,0.779717,1.27907,0.865116,52,43,0,0,good,1,1048576,e8c711dfed3b3ca119982820ceead3102f456c0619602ad3f34044eacee2c98e,.cache/deskpet-audit/render-screenshots/bangdream_014_casual.png,,,2026-06-14T19:19:36.506Z,1034
bangdream_014_casual_summer,014_casual_summer,014,松原花音,casual_summer,半身 / 夏装立绘,cubism2,src/vendor/deskpet/bangdream-models/014_casual_summer/model.json,rendered,pass,runtime loaded and alpha bounds match a visible half-body character,440,520,392,490,59978,0.262142,0,65,439,436,440,372,52,34,344,430,0.779717,1.27907,0.865116,52,43,0,0,good,1,1048576,c5e04dd0bea611a924b7b3638900bdb1a45e265aafd9e2cb4b217396e4871d37,.cache/deskpet-audit/render-screenshots/bangdream_014_casual_summer.png,,,2026-06-14T19:19:37.540Z,1051
bangdream_014_casual_winter,014_casual_winter,014,松原花音,casual_winter,半身 / 冬装立绘,cubism2,src/vendor/deskpet/bangdream-models/014_casual_winter/model.json,rendered,pass,runtime loaded and alpha bounds match a visible half-body character,440,520,392,490,67634,0.295603,0,65,439,436,440,372,52,34,344,430,0.779717,1.27907,0.865116,52,43,0,0,good,1,1048576,74a8d16ff561e1b11486ae24f9545deed82732794d2a2667e1da62fede028483,.cache/deskpet-audit/render-screenshots/bangdream_014_casual_winter.png,,,2026-06-14T19:19:38.590Z,1118
bangdream_015_casual,015_casual,015,奥泽美咲,casual,半身 / 私服立绘,cubism2,src/vendor/deskpet/bangdream-models/015_casual/model.json,rendered,pass,runtime loaded and alpha bounds match a visible half-body character,440,520,392,490,58228,0.254493,0,57,439,436,440,380,52,34,344,430,0.779761,1.27907,0.883721,52,43,0,0,good,1,1048576,f9e68a7cbc8799f817e54750b76c889be04d7f61ca6a148563a62ca1d7bd69f5,.cache/deskpet-audit/render-screenshots/bangdream_015_casual.png,,,2026-06-14T19:19:39.708Z,1064
bangdream_015_casual_summer,015_casual_summer,015,奥泽美咲,casual_summer,半身 / 夏装立绘,cubism2,src/vendor/deskpet/bangdream-models/015_casual_summer/model.json,rendered,pass,runtime loaded and alpha bounds match a visible half-body character,440,520,392,490,55834,0.24403,0,61,439,436,440,376,52,34,344,430,0.779739,1.27907,0.874419,52,43,0,0,good,1,1048576,8e57ccf09d9b7d3f92db8ba1865ec61ecbc1db0320a96cce76a763864f2f9e3b,.cache/deskpet-audit/render-screenshots/bangdream_015_casual_summer.png,,,2026-06-14T19:19:40.772Z,1057
bangdream_015_casual_winter,015_casual_winter,015,奥泽美咲,casual_winter,半身 / 冬装立绘,cubism2,src/vendor/deskpet/bangdream-models/015_casual_winter/model.json,rendered,pass,runtime loaded and alpha bounds match a visible half-body character,440,520,392,490,60901,0.266176,0,44,439,436,440,393,52,34,344,430,0.779829,1.27907,0.913953,52,43,0,0,good,1,1048576,f81e8db622564c9d0e816fad98b2a27aa7d7630fedfc436cf893fcaa9b26aaa3,.cache/deskpet-audit/render-screenshots/bangdream_015_casual_winter.png,,,2026-06-14T19:19:41.830Z,1060
bangdream_016_casual,016_casual,016,丸山彩,casual,半身 / 私服立绘,cubism2,src/vendor/deskpet/bangdream-models/016_casual/model.json,rendered,pass,runtime loaded and alpha bounds match a visible half-body character,440,520,392,490,59468,0.259913,0,64,439,436,440,373,52,34,344,430,0.779722,1.27907,0.867442,52,43,0,0,good,1,1048576,c8de3c365afbebc5b1d4171ed3322797fe9aeef0d1fd2e84cc5a831b3ebfd4f4,.cache/deskpet-audit/render-screenshots/bangdream_016_casual.png,,,2026-06-14T19:19:42.890Z,1017
bangdream_016_casual_summer,016_casual_summer,016,丸山彩,casual_summer,半身 / 夏装立绘,cubism2,src/vendor/deskpet/bangdream-models/016_casual_summer/model.json,rendered,pass,runtime loaded and alpha bounds match a visible half-body character,440,520,392,490,61564,0.269073,0,65,439,436,440,372,52,34,344,430,0.779717,1.27907,0.865116,52,43,0,0,good,1,1048576,3e3ed561966b3f1f2fe7106b459ae4bd39b67b972227582d17beb57a26fc3d2c,.cache/deskpet-audit/render-screenshots/bangdream_016_casual_summer.png,,,2026-06-14T19:19:43.907Z,1065
bangdream_016_casual_winter,016_casual_winter,016,丸山彩,casual_winter,半身 / 冬装立绘,cubism2,src/vendor/deskpet/bangdream-models/016_casual_winter/model.json,rendered,pass,runtime loaded and alpha bounds match a visible half-body character,440,520,392,490,61900,0.270542,0,65,439,436,440,372,52,34,344,430,0.779717,1.27907,0.865116,52,43,0,0,good,1,1048576,3c4939b17fc545d3414289125178bd88b83d3ae7de50396f37e08f7da44c43f0,.cache/deskpet-audit/render-screenshots/bangdream_016_casual_winter.png,,,2026-06-14T19:19:44.972Z,1084
bangdream_017_casual,017_casual,017,冰川日菜,casual,半身 / 私服立绘,cubism2,src/vendor/deskpet/bangdream-models/017_casual/model.json,rendered,pass,runtime loaded and alpha bounds match a visible half-body character,440,520,392,490,58988,0.257815,0,64,439,436,440,373,52,34,344,430,0.779722,1.27907,0.867442,52,43,0,0,good,1,1048576,91843f4938423af6287f4c65e044d1d95f11a5cf18613abf009eabf00ae814c0,.cache/deskpet-audit/render-screenshots/bangdream_017_casual.png,,,2026-06-14T19:19:46.057Z,1066
bangdream_017_casual_summer-2023,017_casual_summer-2023,017,冰川日菜,casual_summer-2023,半身 / 夏装立绘,cubism2,src/vendor/deskpet/bangdream-models/017_casual_summer-2023/model.json,rendered,pass,runtime loaded and alpha bounds match a visible half-body character,440,520,392,490,59404,0.259633,0,65,439,436,440,372,52,34,344,430,0.779717,1.27907,0.865116,52,43,0,0,good,2,2097152,b492fbaedfd583782df4083ea3e0febc00e27483eff6efb47cc7ec766c2bf189,.cache/deskpet-audit/render-screenshots/bangdream_017_casual_summer-2023.png,,,2026-06-14T19:19:47.123Z,1185
bangdream_017_casual-2023,017_casual-2023,017,冰川日菜,casual-2023,半身 / 私服立绘,cubism2,src/vendor/deskpet/bangdream-models/017_casual-2023/model.json,rendered,pass,runtime loaded and alpha bounds match a visible half-body character,440,520,392,490,60782,0.265656,0,65,439,436,440,372,52,34,344,430,0.779717,1.27907,0.865116,52,43,0,0,good,2,2097152,e88e5dd5f4ed3ffdb77a59111da6bc196caf6172024261895d1448ded475558f,.cache/deskpet-audit/render-screenshots/bangdream_017_casual-2023.png,,,2026-06-14T19:19:48.308Z,1282
bangdream_017_kirameki_festival,017_kirameki_festival,017,冰川日菜,kirameki_festival,半身 / 辉彩祭立绘,cubism2,src/vendor/deskpet/bangdream-models/017_kirameki_festival/model.json,rendered,pass,runtime loaded and alpha bounds match a visible half-body character,440,520,392,490,56151,0.245415,0,65,439,436,440,372,52,34,344,430,0.779717,1.27907,0.865116,52,43,0,0,good,1,1048576,965082ac22a2d3f93429fc339823d2f5bb18b042f8be23883b0beccabeed8ad0,.cache/deskpet-audit/render-screenshots/bangdream_017_kirameki_festival.png,,,2026-06-14T19:19:49.591Z,1317
bangdream_018_casual,018_casual,018,白鹭千圣,casual,半身 / 私服立绘,cubism2,src/vendor/deskpet/bangdream-models/018_casual/model.json,rendered,pass,runtime loaded and alpha bounds match a visible half-body character,440,520,392,490,61414,0.268418,0,74,439,436,440,363,52,34,344,430,0.779664,1.27907,0.844186,52,43,0,0,good,1,1048576,5fa1269a33e0c352ffa9cd7805c21379971faea1d3e7dca9c411e105536dd014,.cache/deskpet-audit/render-screenshots/bangdream_018_casual.png,,,2026-06-14T19:19:50.908Z,1048
bangdream_018_casual_winter,018_casual_winter,018,白鹭千圣,casual_winter,半身 / 冬装立绘,cubism2,src/vendor/deskpet/bangdream-models/018_casual_winter/model.json,rendered,pass,runtime loaded and alpha bounds match a visible half-body character,440,520,392,490,59233,0.258885,0,74,439,436,440,363,52,34,344,430,0.779664,1.27907,0.844186,52,43,0,0,good,1,1048576,390dfa22d4c79505a1ed8734b65ec73dd94a1eab204287e25c6a62e3d45b89ec,.cache/deskpet-audit/render-screenshots/bangdream_018_casual_winter.png,,,2026-06-14T19:19:51.956Z,1084
bangdream_018_casual-2023,018_casual-2023,018,白鹭千圣,casual-2023,半身 / 私服立绘,cubism2,src/vendor/deskpet/bangdream-models/018_casual-2023/model.json,rendered,pass,runtime loaded and alpha bounds match a visible half-body character,440,520,392,490,59519,0.260135,0,75,439,436,440,362,52,34,344,430,0.779658,1.27907,0.84186,52,43,0,0,good,2,2097152,ee8d7153b920201783a037f987e49cd047c0dc32e4f7370ae3adb108ce1a813d,.cache/deskpet-audit/render-screenshots/bangdream_018_casual-2023.png,,,2026-06-14T19:19:53.040Z,1217
bangdream_018_kirameki_festival,018_kirameki_festival,018,白鹭千圣,kirameki_festival,半身 / 辉彩祭立绘,cubism2,src/vendor/deskpet/bangdream-models/018_kirameki_festival/model.json,rendered,pass,runtime loaded and alpha bounds match a visible half-body character,440,520,392,490,62436,0.272885,0,69,439,436,440,368,52,34,344,430,0.779694,1.27907,0.855814,52,43,0,0,good,2,2097152,d1dd68550c473ad52f7ce6d83cc2caa9c075df0ff58e20b02fe8382a76b6e398,.cache/deskpet-audit/render-screenshots/bangdream_018_kirameki_festival.png,,,2026-06-14T19:19:54.257Z,1384
bangdream_019_casual,019_casual,019,大和麻弥,casual,半身 / 私服立绘,cubism2,src/vendor/deskpet/bangdream-models/019_casual/model.json,rendered,pass,runtime loaded and alpha bounds match a visible half-body character,440,520,392,490,62868,0.274773,0,46,439,436,440,391,52,34,344,430,0.779819,1.27907,0.909302,52,43,0,0,good,1,1048576,2714bb9aec4d5b3a74f3bdf0cf345af680e36f12e2d538e40f6198241a544c0e,.cache/deskpet-audit/render-screenshots/bangdream_019_casual.png,,,2026-06-14T19:19:55.641Z,1097
bangdream_019_casual-2023,019_casual-2023,019,大和麻弥,casual-2023,半身 / 私服立绘,cubism2,src/vendor/deskpet/bangdream-models/019_casual-2023/model.json,rendered,pass,runtime loaded and alpha bounds match a visible half-body character,440,520,392,490,63181,0.276141,0,50,439,436,440,387,52,34,344,430,0.779798,1.27907,0.9,52,43,0,0,good,2,2097152,0fdc6697e53aa3c67464dcea234cf299b01fa7b1b051db9df27a014b3c7fa10f,.cache/deskpet-audit/render-screenshots/bangdream_019_casual-2023.png,,,2026-06-14T19:19:56.739Z,1169
bangdream_019_live_event_188_ssr,019_live_event_188_ssr,019,大和麻弥,live_event_188_ssr,半身 / 活动立绘,cubism2,src/vendor/deskpet/bangdream-models/019_live_event_188_ssr/model.json,rendered,pass,runtime loaded and alpha bounds match a visible half-body character,440,520,392,490,76350,0.333698,0,49,439,436,440,388,52,34,344,430,0.779803,1.27907,0.902326,52,43,0,0,good,2,2097152,633f097bd9d06a9cb444bc1909f2be049c019e296f76b0959a78e9d28ea8dff4,.cache/deskpet-audit/render-screenshots/bangdream_019_live_event_188_ssr.png,,,2026-06-14T19:19:57.908Z,2605
bangdream_019_live_event_325_ur,019_live_event_325_ur,019,大和麻弥,live_event_325_ur,半身 / 活动立绘,cubism2,src/vendor/deskpet/bangdream-models/019_live_event_325_ur/model.json,rendered,pass,runtime loaded and alpha bounds match a visible half-body character,440,520,392,490,70938,0.310044,0,53,439,436,440,384,52,34,344,430,0.779782,1.27907,0.893023,52,43,0,0,good,2,2097152,51eb1f4d1168b57106f656b5b5ee70973cf050084584f28f26a2295174729182,.cache/deskpet-audit/render-screenshots/bangdream_019_live_event_325_ur.png,,,2026-06-14T19:20:00.513Z,1397
bangdream_020_casual,020_casual,020,若宫伊芙,casual,半身 / 私服立绘,cubism2,src/vendor/deskpet/bangdream-models/020_casual/model.json,rendered,pass,runtime loaded and alpha bounds match a visible half-body character,440,520,392,490,59411,0.259663,0,44,439,436,440,393,52,34,344,430,0.779829,1.27907,0.913953,52,43,0,0,good,1,1048576,9a48d9ed4ac3a09c3dcdbf985033f93083f8319e14a51eb05ed8c444ab72f7fb,.cache/deskpet-audit/render-screenshots/bangdream_020_casual.png,,,2026-06-14T19:20:01.910Z,1011
bangdream_020_dream_festival_3_ur,020_dream_festival_3_ur,020,若宫伊芙,dream_festival_3_ur,半身 / 梦祭立绘,cubism2,src/vendor/deskpet/bangdream-models/020_dream_festival_3_ur/model.json,rendered,pass,runtime loaded and alpha bounds match a visible half-body character,440,520,392,490,71116,0.310822,0,32,439,436,440,405,52,34,344,430,0.776027,1.27907,0.94186,52,43,2,0,good,2,2097152,d21e3926d9cc92c28d2f30a9f9bf738cf82483272fe0107338cce959fb6566f2,.cache/deskpet-audit/render-screenshots/bangdream_020_dream_festival_3_ur.png,,,2026-06-14T19:20:02.922Z,1873
bangdream_020_live_event_263_ur,020_live_event_263_ur,020,若宫伊芙,live_event_263_ur,半身 / 活动立绘,cubism2,src/vendor/deskpet/bangdream-models/020_live_event_263_ur/model.json,rendered,pass,runtime loaded and alpha bounds match a visible half-body character,440,520,392,490,66483,0.290573,0,37,439,436,440,400,52,34,344,430,0.779864,1.27907,0.930233,52,43,0,0,good,2,2097152,32098c1aef0b891e7acd323dd7a7a8004643b4e88fcbd3905bffafb62aa16b8c,.cache/deskpet-audit/render-screenshots/bangdream_020_live_event_263_ur.png,,,2026-06-14T19:20:04.794Z,1749
bangdream_020_live_event_278_ur,020_live_event_278_ur,020,若宫伊芙,live_event_278_ur,半身 / 活动立绘,cubism2,src/vendor/deskpet/bangdream-models/020_live_event_278_ur/model.json,rendered,pass,runtime loaded and alpha bounds match a visible half-body character,440,520,392,490,66744,0.291713,0,45,439,436,440,392,52,34,344,430,0.779824,1.27907,0.911628,52,43,0,0,good,2,2097152,0b663ba785a2c7cc52e44d4320c9d3950ea5ecfb8db4730c4f46ec3765b5608d,.cache/deskpet-audit/render-screenshots/bangdream_020_live_event_278_ur.png,,,2026-06-14T19:20:06.543Z,2571
bangdream_021_casual,021_casual,021,凑友希那,casual,半身 / 私服立绘,cubism2,src/vendor/deskpet/bangdream-models/021_casual/model.json,rendered,pass,runtime loaded and alpha bounds match a visible half-body character,440,520,392,490,62230,0.271984,0,69,439,436,440,368,52,34,344,430,0.779694,1.27907,0.855814,52,43,0,0,good,1,1048576,6f43a8e339d0866dc3775c9d448305dc2f79ff6a07b91302e7f388357994c7b4,.cache/deskpet-audit/render-screenshots/bangdream_021_casual.png,,,2026-06-14T19:20:09.115Z,1058
bangdream_021_casual_winter,021_casual_winter,021,凑友希那,casual_winter,半身 / 冬装立绘,cubism2,src/vendor/deskpet/bangdream-models/021_casual_winter/model.json,rendered,pass,runtime loaded and alpha bounds match a visible half-body character,440,520,392,490,64406,0.281495,0,69,439,436,440,368,52,34,344,430,0.779694,1.27907,0.855814,52,43,0,0,good,1,1048576,68abaf8e077f5f1e1bd0b53a2219ffb287bb170876b3351841dded74afce7caa,.cache/deskpet-audit/render-screenshots/bangdream_021_casual_winter.png,,,2026-06-14T19:20:10.173Z,1083
bangdream_021_kirameki_festival,021_kirameki_festival,021,凑友希那,kirameki_festival,半身 / 辉彩祭立绘,cubism2,src/vendor/deskpet/bangdream-models/021_kirameki_festival/model.json,rendered,pass,runtime loaded and alpha bounds match a visible half-body character,440,520,392,490,61347,0.268125,0,67,439,436,440,370,52,34,344,430,0.779705,1.27907,0.860465,52,43,0,0,good,1,1048576,9a5101add85d9c918711f75e041cafc921e9abfd6f19d9460d2ef66df2f6d824,.cache/deskpet-audit/render-screenshots/bangdream_021_kirameki_festival.png,,,2026-06-14T19:20:11.256Z,1234
bangdream_021_live_event_191_ssr,021_live_event_191_ssr,021,凑友希那,live_event_191_ssr,半身 / 活动立绘,cubism2,src/vendor/deskpet/bangdream-models/021_live_event_191_ssr/model.json,rendered,pass,runtime loaded and alpha bounds match a visible half-body character,440,520,392,490,58822,0.257089,0,69,439,436,440,368,52,34,344,430,0.779694,1.27907,0.855814,52,43,0,0,good,2,2097152,5056538121f14aec6029f00ecafad5de431e602cb7dc8cc73262c6823757e13c,.cache/deskpet-audit/render-screenshots/bangdream_021_live_event_191_ssr.png,,,2026-06-14T19:20:12.490Z,1419
bangdream_022_casual,022_casual,022,冰川纱夜,casual,半身 / 私服立绘,cubism2,src/vendor/deskpet/bangdream-models/022_casual/model.json,rendered,pass,runtime loaded and alpha bounds match a visible half-body character,440,520,392,490,60090,0.262631,0,53,439,436,440,384,52,34,344,430,0.779782,1.27907,0.893023,52,43,0,0,good,1,1048576,92d885ec866055c71be1c051091453daf93c2fdb58f3853468961834e1f80eaa,.cache/deskpet-audit/render-screenshots/bangdream_022_casual.png,,,2026-06-14T19:20:13.909Z,1046
bangdream_022_casual_summer,022_casual_summer,022,冰川纱夜,casual_summer,半身 / 夏装立绘,cubism2,src/vendor/deskpet/bangdream-models/022_casual_summer/model.json,rendered,pass,runtime loaded and alpha bounds match a visible half-body character,440,520,392,490,56781,0.248169,0,53,439,436,440,384,52,34,344,430,0.779782,1.27907,0.893023,52,43,0,0,good,1,1048576,9f7c33f1def613d65ac1af332bad3d38958b3f55cade0ab816a12a3844b5002a,.cache/deskpet-audit/render-screenshots/bangdream_022_casual_summer.png,,,2026-06-14T19:20:14.955Z,1049
bangdream_022_casual_winter,022_casual_winter,022,冰川纱夜,casual_winter,半身 / 冬装立绘,cubism2,src/vendor/deskpet/bangdream-models/022_casual_winter/model.json,rendered,pass,runtime loaded and alpha bounds match a visible half-body character,440,520,392,490,64326,0.281145,0,53,439,436,440,384,52,34,344,430,0.779782,1.27907,0.893023,52,43,0,0,good,1,1048576,7d12987839e69f33ed192bfe7ac6a8d1c8f961afc09555341a50446feca6ecac,.cache/deskpet-audit/render-screenshots/bangdream_022_casual_winter.png,,,2026-06-14T19:20:16.004Z,1051
bangdream_022_live_event_266_ur,022_live_event_266_ur,022,冰川纱夜,live_event_266_ur,半身 / 活动立绘,cubism2,src/vendor/deskpet/bangdream-models/022_live_event_266_ur/model.json,rendered,pass,runtime loaded and alpha bounds match a visible half-body character,440,520,392,490,63640,0.278147,0,52,439,436,440,385,52,34,344,430,0.779787,1.27907,0.895349,52,43,0,0,good,2,2097152,16dd90592fa4b2c7472aa69de7d2670e6a1c4897ab310824bc37ee3bf1d24cc7,.cache/deskpet-audit/render-screenshots/bangdream_022_live_event_266_ur.png,,,2026-06-14T19:20:17.055Z,1603
bangdream_023_casual,023_casual,023,今井莉莎,casual,半身 / 私服立绘,cubism2,src/vendor/deskpet/bangdream-models/023_casual/model.json,rendered,pass,runtime loaded and alpha bounds match a visible half-body character,440,520,392,490,61527,0.268912,0,54,439,436,440,383,52,34,344,430,0.779777,1.27907,0.890698,52,43,0,0,good,1,1048576,50d32205b8a3b6dc746fd20b3e81687ff588637b66aec8a9921d781840dfe45a,.cache/deskpet-audit/render-screenshots/bangdream_023_casual.png,,,2026-06-14T19:20:18.658Z,1114
bangdream_023_casual-2023,023_casual-2023,023,今井莉莎,casual-2023,半身 / 私服立绘,cubism2,src/vendor/deskpet/bangdream-models/023_casual-2023/model.json,rendered,pass,runtime loaded and alpha bounds match a visible half-body character,440,520,392,490,62580,0.273514,0,54,439,436,440,383,52,34,344,430,0.779777,1.27907,0.890698,52,43,0,0,good,2,2097152,4c5762504de5bcc4c25c7cbecdf00bf953ad9cd81ce5689578d69668b0923b42,.cache/deskpet-audit/render-screenshots/bangdream_023_casual-2023.png,,,2026-06-14T19:20:19.772Z,1234
bangdream_023_live_event_230_ur,023_live_event_230_ur,023,今井莉莎,live_event_230_ur,半身 / 活动立绘,cubism2,src/vendor/deskpet/bangdream-models/023_live_event_230_ur/model.json,rendered,pass,runtime loaded and alpha bounds match a visible half-body character,440,520,392,490,59958,0.262054,0,61,439,436,440,376,52,34,344,430,0.779739,1.27907,0.874419,52,43,0,0,good,2,2097152,8886386fb0ca9928a53ca545e3250f81713f48c7b0b1f7001b58b707b32b7676,.cache/deskpet-audit/render-screenshots/bangdream_023_live_event_230_ur.png,,,2026-06-14T19:20:21.006Z,1787
bangdream_023_live_event_284_ur,023_live_event_284_ur,023,今井莉莎,live_event_284_ur,半身 / 活动立绘,cubism2,src/vendor/deskpet/bangdream-models/023_live_event_284_ur/model.json,rendered,pass,runtime loaded and alpha bounds match a visible half-body character,440,520,392,490,72769,0.318046,0,58,439,436,440,379,52,34,344,430,0.779755,1.27907,0.881395,52,43,0,0,good,2,2097152,670e48e0b9532eb6367c8234a8a5eddf89b0f8cda32ace3656766560fe43c079,.cache/deskpet-audit/render-screenshots/bangdream_023_live_event_284_ur.png,,,2026-06-14T19:20:22.793Z,2202
bangdream_024_casual,024_casual,024,宇田川亚子,casual,半身 / 私服立绘,cubism2,src/vendor/deskpet/bangdream-models/024_casual/model.json,rendered,pass,runtime loaded and alpha bounds match a visible half-body character,440,520,392,490,56928,0.248811,0,85,439,436,440,352,52,34,344,430,0.779597,1.27907,0.818605,52,43,0,0,good,1,1048576,f2a40d24145192f2b2f29c60edf839f20408e4a75034121e5609e7fbc443aa96,.cache/deskpet-audit/render-screenshots/bangdream_024_casual.png,,,2026-06-14T19:20:24.995Z,1059
bangdream_024_dream_festival_3_ur,024_dream_festival_3_ur,024,宇田川亚子,dream_festival_3_ur,半身 / 梦祭立绘,cubism2,src/vendor/deskpet/bangdream-models/024_dream_festival_3_ur/model.json,rendered,pass,runtime loaded and alpha bounds match a visible half-body character,440,520,392,490,58611,0.256167,0,85,439,436,440,352,52,34,344,430,0.779597,1.27907,0.818605,52,43,0,0,good,2,2097152,d7bd06528e906f744f75f07068bf460523d629ff21f2a54df9eff21d54384127,.cache/deskpet-audit/render-screenshots/bangdream_024_dream_festival_3_ur.png,,,2026-06-14T19:20:26.055Z,1939
bangdream_024_kirameki_festival,024_kirameki_festival,024,宇田川亚子,kirameki_festival,半身 / 辉彩祭立绘,cubism2,src/vendor/deskpet/bangdream-models/024_kirameki_festival/model.json,rendered,pass,runtime loaded and alpha bounds match a visible half-body character,440,520,392,490,56604,0.247395,0,85,439,436,440,352,52,34,344,430,0.779597,1.27907,0.818605,52,43,0,0,good,2,2097152,4e2ebf163557b7bec547829230f32aeeb90318262ae7c180343ea3574f603dc6,.cache/deskpet-audit/render-screenshots/bangdream_024_kirameki_festival.png,,,2026-06-14T19:20:27.993Z,1715
bangdream_024_live_event_236_ur,024_live_event_236_ur,024,宇田川亚子,live_event_236_ur,半身 / 活动立绘,cubism2,src/vendor/deskpet/bangdream-models/024_live_event_236_ur/model.json,rendered,pass,runtime loaded and alpha bounds match a visible half-body character,440,520,392,490,69035,0.301726,0,27,439,436,440,410,52,34,344,430,0.766563,1.27907,0.953488,52,43,7,0,good,2,2097152,2b605dc515944b83b692e6cf7052fbf332c4dc816b0f1af83e6bb8b31a20981a,.cache/deskpet-audit/render-screenshots/bangdream_024_live_event_236_ur.png,,,2026-06-14T19:20:29.708Z,1851
bangdream_025_casual,025_casual,025,白金燐子,casual,半身 / 私服立绘,cubism2,src/vendor/deskpet/bangdream-models/025_casual/model.json,rendered,pass,runtime loaded and alpha bounds match a visible half-body character,440,520,392,490,64861,0.283483,0,58,439,436,440,379,52,34,344,430,0.779755,1.27907,0.881395,52,43,0,0,good,1,1048576,dd54c470e8e10dbb6d5a877b1019ac65d741a4d45e36672516ece491e9491940,.cache/deskpet-audit/render-screenshots/bangdream_025_casual.png,,,2026-06-14T19:20:31.559Z,1061
bangdream_025_casual_winter-2023,025_casual_winter-2023,025,白金燐子,casual_winter-2023,半身 / 冬装立绘,cubism2,src/vendor/deskpet/bangdream-models/025_casual_winter-2023/model.json,rendered,pass,runtime loaded and alpha bounds match a visible half-body character,440,520,392,490,63166,0.276075,0,53,439,436,440,384,52,34,344,430,0.779782,1.27907,0.893023,52,43,0,0,good,2,2097152,0b7cb3a88b76e41d0414ceb7b13fc6dfea6f7cde8b05c5cb8b8ebe4509b1b436,.cache/deskpet-audit/render-screenshots/bangdream_025_casual_winter-2023.png,,,2026-06-14T19:20:32.620Z,1185
bangdream_025_casual-2023,025_casual-2023,025,白金燐子,casual-2023,半身 / 私服立绘,cubism2,src/vendor/deskpet/bangdream-models/025_casual-2023/model.json,rendered,pass,runtime loaded and alpha bounds match a visible half-body character,440,520,392,490,64497,0.281892,0,59,439,436,440,378,52,34,344,430,0.77975,1.27907,0.87907,52,43,0,0,good,2,2097152,d7766abd56fa409f604f75742ec027fb5bab0aa964ade3549ea8e00ef1f0dddf,.cache/deskpet-audit/render-screenshots/bangdream_025_casual-2023.png,,,2026-06-14T19:20:33.805Z,1165
bangdream_025_live_event_304_ur,025_live_event_304_ur,025,白金燐子,live_event_304_ur,半身 / 活动立绘,cubism2,src/vendor/deskpet/bangdream-models/025_live_event_304_ur/model.json,rendered,pass,runtime loaded and alpha bounds match a visible half-body character,440,520,392,490,69550,0.303977,0,59,439,436,440,378,52,34,344,430,0.77975,1.27907,0.87907,52,43,0,0,good,2,2097152,22e4402c4d5bf7cf241ce01d8829175dd2dfa1826733234abdff137ee4b73f3b,.cache/deskpet-audit/render-screenshots/bangdream_025_live_event_304_ur.png,,,2026-06-14T19:20:34.970Z,1370
bangdream_026_casual-2023,026_casual-2023,026,仓田 真白,casual-2023,半身 / 私服立绘,cubism2,src/vendor/deskpet/bangdream-models/026_casual-2023/model.json,rendered,pass,runtime loaded and alpha bounds match a visible half-body character,440,520,392,490,59674,0.260813,0,71,439,436,440,366,52,34,344,430,0.779682,1.27907,0.851163,52,43,0,0,good,2,2097152,dd8cfe5a878842d577b5d9f7a297550cc19d600a823178bd5e66ee4cbd9fea36,.cache/deskpet-audit/render-screenshots/bangdream_026_casual-2023.png,,,2026-06-14T19:20:36.340Z,1248
bangdream_026_kirameki_festival,026_kirameki_festival,026,仓田 真白,kirameki_festival,半身 / 辉彩祭立绘,cubism2,src/vendor/deskpet/bangdream-models/026_kirameki_festival/model.json,rendered,pass,runtime loaded and alpha bounds match a visible half-body character,440,520,392,490,58986,0.257806,0,71,439,436,440,366,52,34,344,430,0.779682,1.27907,0.851163,52,43,0,0,good,2,2097152,d401fbd182ae9db7ee00848f0aa113f1f8d24bee69fc31740669b396891e0190,.cache/deskpet-audit/render-screenshots/bangdream_026_kirameki_festival.png,,,2026-06-14T19:20:37.589Z,1385
bangdream_026_live_event_242_ur,026_live_event_242_ur,026,仓田 真白,live_event_242_ur,半身 / 活动立绘,cubism2,src/vendor/deskpet/bangdream-models/026_live_event_242_ur/model.json,rendered,pass,runtime loaded and alpha bounds match a visible half-body character,440,520,392,490,65481,0.286193,0,71,439,436,440,366,52,34,344,430,0.779682,1.27907,0.851163,52,43,0,0,good,2,2097152,aab99f2c4f6f40365e1fd23ba108213d133d64a6c1644324f7c6de0f081524b7,.cache/deskpet-audit/render-screenshots/bangdream_026_live_event_242_ur.png,,,2026-06-14T19:20:38.974Z,2838
bangdream_026_live_event_313_ur,026_live_event_313_ur,026,仓田 真白,live_event_313_ur,半身 / 活动立绘,cubism2,src/vendor/deskpet/bangdream-models/026_live_event_313_ur/model.json,rendered,pass,runtime loaded and alpha bounds match a visible half-body character,440,520,392,490,69427,0.30344,0,69,439,436,440,368,52,34,344,430,0.779694,1.27907,0.855814,52,43,0,0,good,2,2097152,a37f836d39e8d7407dfa345245f4cf3ceb77378d8e0b80d5427edb86bbf39b17,.cache/deskpet-audit/render-screenshots/bangdream_026_live_event_313_ur.png,,,2026-06-14T19:20:41.812Z,1681
bangdream_027_casual-2023,027_casual-2023,027,桐谷 透子,casual-2023,半身 / 私服立绘,cubism2,src/vendor/deskpet/bangdream-models/027_casual-2023/model.json,rendered,pass,runtime loaded and alpha bounds match a visible half-body character,440,520,392,490,63659,0.27823,0,44,439,436,440,393,52,34,344,430,0.779829,1.27907,0.913953,52,43,0,0,good,2,2097152,407ebda27b9693822ff932614c0fe9d38195f9ea47e3fc3a261394061b21e4ab,.cache/deskpet-audit/render-screenshots/bangdream_027_casual-2023.png,,,2026-06-14T19:20:43.493Z,1262
bangdream_027_dream_festival_3_ur,027_dream_festival_3_ur,027,桐谷 透子,dream_festival_3_ur,半身 / 梦祭立绘,cubism2,src/vendor/deskpet/bangdream-models/027_dream_festival_3_ur/model.json,rendered,pass,runtime loaded and alpha bounds match a visible half-body character,440,520,392,490,76083,0.332531,0,29,439,436,440,408,52,34,344,430,0.770321,1.27907,0.948837,52,43,5,0,good,2,2097152,5a367ab016c08469ba57695a22910da62e9460f95b7354016c379a0cc15510ed,.cache/deskpet-audit/render-screenshots/bangdream_027_dream_festival_3_ur.png,,,2026-06-14T19:20:44.755Z,1536
bangdream_027_live_event_227_ur,027_live_event_227_ur,027,桐谷 透子,live_event_227_ur,半身 / 活动立绘,cubism2,src/vendor/deskpet/bangdream-models/027_live_event_227_ur/model.json,rendered,pass,runtime loaded and alpha bounds match a visible half-body character,440,520,392,490,65811,0.287635,0,18,439,436,440,419,52,34,344,430,0.750098,1.27907,0.974419,52,43,16,0,good,3,3145728,f079b1d9d88d8f4509f75fe097a0aff7b8603d2140af8627b6f160a3705a2307,.cache/deskpet-audit/render-screenshots/bangdream_027_live_event_227_ur.png,,,2026-06-14T19:20:46.291Z,1632
bangdream_027_live_event_315_ur,027_live_event_315_ur,027,桐谷 透子,live_event_315_ur,半身 / 活动立绘,cubism2,src/vendor/deskpet/bangdream-models/027_live_event_315_ur/model.json,rendered,pass,runtime loaded and alpha bounds match a visible half-body character,440,520,392,490,71091,0.310712,0,35,439,436,440,402,52,34,344,430,0.779873,1.27907,0.934884,52,43,0,0,good,2,2097152,14f2d6c31fb860f6b60f8c261b0a450e0f554ee4f8f02fbfe7bd69edda91183f,.cache/deskpet-audit/render-screenshots/bangdream_027_live_event_315_ur.png,,,2026-06-14T19:20:47.923Z,1918
bangdream_028_casual-2023,028_casual-2023,028,广町 七深,casual-2023,半身 / 私服立绘,cubism2,src/vendor/deskpet/bangdream-models/028_casual-2023/model.json,rendered,pass,runtime loaded and alpha bounds match a visible half-body character,440,520,392,490,65768,0.287448,0,61,439,436,440,376,52,34,344,430,0.779739,1.27907,0.874419,52,43,0,0,good,2,2097152,a193f5a8f24d676de8537a8df6f758bcdf3575cc60fcc0ffae81e73c1cb10843,.cache/deskpet-audit/render-screenshots/bangdream_028_casual-2023.png,,,2026-06-14T19:20:49.841Z,1246
bangdream_028_dream_festival_3_ur,028_dream_festival_3_ur,028,广町 七深,dream_festival_3_ur,半身 / 梦祭立绘,cubism2,src/vendor/deskpet/bangdream-models/028_dream_festival_3_ur/model.json,rendered,pass,runtime loaded and alpha bounds match a visible half-body character,440,520,392,490,63296,0.276643,0,61,439,436,440,376,52,34,344,430,0.779739,1.27907,0.874419,52,43,0,0,good,2,2097152,376d0a6a204ab4261b9e38957d782e6b95e27605d94bd3b698817eaf15d22751,.cache/deskpet-audit/render-screenshots/bangdream_028_dream_festival_3_ur.png,,,2026-06-14T19:20:51.088Z,1837
bangdream_028_kirameki_festival,028_kirameki_festival,028,广町 七深,kirameki_festival,半身 / 辉彩祭立绘,cubism2,src/vendor/deskpet/bangdream-models/028_kirameki_festival/model.json,rendered,pass,runtime loaded and alpha bounds match a visible half-body character,440,520,392,490,65916,0.288094,0,61,439,436,440,376,52,34,344,430,0.779739,1.27907,0.874419,52,43,0,0,good,2,2097152,f04042156a5a68e2d6e2256e36279bfcbb859bd919ac0ba5f48ae2f18191141b,.cache/deskpet-audit/render-screenshots/bangdream_028_kirameki_festival.png,,,2026-06-14T19:20:52.925Z,1532
bangdream_028_live_event_317_ur,028_live_event_317_ur,028,广町 七深,live_event_317_ur,半身 / 活动立绘,cubism2,src/vendor/deskpet/bangdream-models/028_live_event_317_ur/model.json,rendered,pass,runtime loaded and alpha bounds match a visible half-body character,440,520,392,490,66157,0.289148,0,61,439,436,440,376,52,34,344,430,0.779739,1.27907,0.874419,52,43,0,0,good,2,2097152,8253087778a3c388c47c06566b6b70029d8e9ffb7a210351ff574717d249f052,.cache/deskpet-audit/render-screenshots/bangdream_028_live_event_317_ur.png,,,2026-06-14T19:20:54.457Z,1667
bangdream_029_casual_summer,029_casual_summer,029,二叶 筑紫,casual_summer,半身 / 夏装立绘,cubism2,src/vendor/deskpet/bangdream-models/029_casual_summer/model.json,rendered,pass,runtime loaded and alpha bounds match a visible half-body character,440,520,392,490,53587,0.234209,0,83,439,436,440,354,52,34,344,430,0.77961,1.27907,0.823256,52,43,0,0,good,2,2097152,0f6faff2d2ae7fb5c4b7b5191a6442adf272227ea4b111f5acaf5c2a15cbba47,.cache/deskpet-audit/render-screenshots/bangdream_029_casual_summer.png,,,2026-06-14T19:20:56.124Z,1146
bangdream_029_casual-2023,029_casual-2023,029,二叶 筑紫,casual-2023,半身 / 私服立绘,cubism2,src/vendor/deskpet/bangdream-models/029_casual-2023/model.json,rendered,pass,runtime loaded and alpha bounds match a visible half-body character,440,520,392,490,55089,0.240774,0,83,439,436,440,354,52,34,344,430,0.77961,1.27907,0.823256,52,43,0,0,good,2,2097152,df08f94df9c3a7c374475fefd2c04a8da71057275c1a5eb4e851cc531e4c8e89,.cache/deskpet-audit/render-screenshots/bangdream_029_casual-2023.png,,,2026-06-14T19:20:57.270Z,1301
bangdream_029_live_event_272_ur,029_live_event_272_ur,029,二叶 筑紫,live_event_272_ur,半身 / 活动立绘,cubism2,src/vendor/deskpet/bangdream-models/029_live_event_272_ur/model.json,rendered,pass,runtime loaded and alpha bounds match a visible half-body character,440,520,392,490,70080,0.306294,0,78,439,436,440,359,52,34,344,430,0.77964,1.27907,0.834884,52,43,0,0,good,2,2097152,fc14ebbae00bfe9595032031f6aae8c8edb9c6bbc1a6943cf57a956720f27a92,.cache/deskpet-audit/render-screenshots/bangdream_029_live_event_272_ur.png,,,2026-06-14T19:20:58.572Z,2256
bangdream_029_live_event_325_ur,029_live_event_325_ur,029,二叶 筑紫,live_event_325_ur,半身 / 活动立绘,cubism2,src/vendor/deskpet/bangdream-models/029_live_event_325_ur/model.json,rendered,pass,runtime loaded and alpha bounds match a visible half-body character,440,520,392,490,68493,0.299358,0,83,439,436,440,354,52,34,344,430,0.77961,1.27907,0.823256,52,43,0,0,good,2,2097152,7184eca56d142e692be9f9649c67ee14479f29a26da68cb07d459a04a5ff07a0,.cache/deskpet-audit/render-screenshots/bangdream_029_live_event_325_ur.png,,,2026-06-14T19:21:00.828Z,1529
bangdream_030_casual-2023,030_casual-2023,030,八潮 瑠唯,casual-2023,半身 / 私服立绘,cubism2,src/vendor/deskpet/bangdream-models/030_casual-2023/model.json,rendered,pass,runtime loaded and alpha bounds match a visible half-body character,440,520,392,490,62402,0.272736,0,29,439,436,440,408,52,34,344,430,0.770321,1.27907,0.948837,52,43,5,0,good,2,2097152,975a726ae00ca61f80c94cde2d93e358ff515a3a3b97da64629cad7acef4ac49,.cache/deskpet-audit/render-screenshots/bangdream_030_casual-2023.png,,,2026-06-14T19:21:02.356Z,1214
bangdream_030_dream_festival_4_ur,030_dream_festival_4_ur,030,八潮 瑠唯,dream_festival_4_ur,半身 / 梦祭立绘,cubism2,src/vendor/deskpet/bangdream-models/030_dream_festival_4_ur/model.json,rendered,pass,runtime loaded and alpha bounds match a visible half-body character,440,520,392,490,79739,0.34851,0,28,439,436,440,409,52,34,344,430,0.768437,1.27907,0.951163,52,43,6,0,good,2,2097152,877acfee285d2a1a3ef239a5a2af72bad0274f649c37c5228eb302c2ca11d50d,.cache/deskpet-audit/render-screenshots/bangdream_030_dream_festival_4_ur.png,,,2026-06-14T19:21:03.570Z,1755
bangdream_030_kirameki_festival,030_kirameki_festival,030,八潮 瑠唯,kirameki_festival,半身 / 辉彩祭立绘,cubism2,src/vendor/deskpet/bangdream-models/030_kirameki_festival/model.json,rendered,pass,runtime loaded and alpha bounds match a visible half-body character,440,520,392,490,67696,0.295874,0,29,439,436,440,408,52,34,344,430,0.770321,1.27907,0.948837,52,43,5,0,good,2,2097152,73073ad450c5b52a21458e1111569fef6bc03dbf0fa5b9acb706e2e75d70b52a,.cache/deskpet-audit/render-screenshots/bangdream_030_kirameki_festival.png,,,2026-06-14T19:21:05.325Z,1267
bangdream_030_live_event_251_ur,030_live_event_251_ur,030,八潮 瑠唯,live_event_251_ur,半身 / 活动立绘,cubism2,src/vendor/deskpet/bangdream-models/030_live_event_251_ur/model.json,rendered,pass,runtime loaded and alpha bounds match a visible half-body character,440,520,392,490,72689,0.317697,0,25,439,436,440,412,52,34,344,430,0.762842,1.27907,0.95814,52,43,9,0,good,2,2097152,d4d10e312e935a6b14669315c6fc9b5aee015ef534d01062b15df3ba53175d67,.cache/deskpet-audit/render-screenshots/bangdream_030_live_event_251_ur.png,,,2026-06-14T19:21:06.592Z,2452
bangdream_031_casual,031_casual,031,和奏 瑞依,casual,半身 / 私服立绘,cubism2,src/vendor/deskpet/bangdream-models/031_casual/model.json,rendered,pass,runtime loaded and alpha bounds match a visible half-body character,440,520,392,490,62607,0.273632,0,23,439,436,440,414,52,34,344,430,0.759157,1.27907,0.962791,52,43,11,0,good,2,2097152,0366945f301e994dd5208dd0911cc1b22d8ea17e5f3c4f6c6eb1ed6c3fdd6f64,.cache/deskpet-audit/render-screenshots/bangdream_031_casual.png,,,2026-06-14T19:21:09.044Z,1277
bangdream_031_casual-2023,031_casual-2023,031,和奏 瑞依,casual-2023,半身 / 私服立绘,cubism2,src/vendor/deskpet/bangdream-models/031_casual-2023/model.json,rendered,pass,runtime loaded and alpha bounds match a visible half-body character,440,520,392,490,63862,0.279117,0,23,439,436,440,414,52,34,344,430,0.759157,1.27907,0.962791,52,43,11,0,good,2,2097152,8e1b421dae91357cf30198eccfeea9b344622d4b2bfe80f1a96aa7959e175fa9,.cache/deskpet-audit/render-screenshots/bangdream_031_casual-2023.png,,,2026-06-14T19:21:10.321Z,1299
bangdream_031_dream_festival_5_ur,031_dream_festival_5_ur,031,和奏 瑞依,dream_festival_5_ur,半身 / 梦祭立绘,cubism2,src/vendor/deskpet/bangdream-models/031_dream_festival_5_ur/model.json,rendered,pass,runtime loaded and alpha bounds match a visible half-body character,440,520,392,490,72982,0.318977,0,23,439,436,440,414,52,34,344,430,0.759157,1.27907,0.962791,52,43,11,0,good,2,2097152,be64fcc5e6f9f5975e9637fa6c94a08fc8b39d7e655e33f9df8ca9c74256973f,.cache/deskpet-audit/render-screenshots/bangdream_031_dream_festival_5_ur.png,,,2026-06-14T19:21:11.620Z,1351
bangdream_031_live_event_304_ur,031_live_event_304_ur,031,和奏 瑞依,live_event_304_ur,半身 / 活动立绘,cubism2,src/vendor/deskpet/bangdream-models/031_live_event_304_ur/model.json,rendered,pass,runtime loaded and alpha bounds match a visible half-body character,440,520,392,490,78753,0.3442,0,23,439,436,440,414,52,34,344,430,0.759157,1.27907,0.962791,52,43,11,0,good,2,2097152,41a33e30afacbee23fdfc54f04d4d5c3e419c31021c4665022a702fd40823a04,.cache/deskpet-audit/render-screenshots/bangdream_031_live_event_304_ur.png,,,2026-06-14T19:21:12.971Z,1419
bangdream_032_casual,032_casual,032,朝日 六花,casual,半身 / 私服立绘,cubism2,src/vendor/deskpet/bangdream-models/032_casual/model.json,rendered,pass,runtime loaded and alpha bounds match a visible half-body character,440,520,392,490,61495,0.268772,0,69,439,436,440,368,52,34,344,430,0.779694,1.27907,0.855814,52,43,0,0,good,2,2097152,6c28bb27aaa6c451146ebdf2a89cc91e0c2b5e0c5ac8f3c04a5cace953fb87af,.cache/deskpet-audit/render-screenshots/bangdream_032_casual.png,,,2026-06-14T19:21:14.390Z,1197
bangdream_032_casual-2023,032_casual-2023,032,朝日 六花,casual-2023,半身 / 私服立绘,cubism2,src/vendor/deskpet/bangdream-models/032_casual-2023/model.json,rendered,pass,runtime loaded and alpha bounds match a visible half-body character,440,520,392,490,61065,0.266892,0,69,439,436,440,368,52,34,344,430,0.779694,1.27907,0.855814,52,43,0,0,good,2,2097152,c0e2fd65f6a1c7bd7c78f411a46d6f60cf5c3b1890684f4aa4936eb5daffa27d,.cache/deskpet-audit/render-screenshots/bangdream_032_casual-2023.png,,,2026-06-14T19:21:15.587Z,1334
bangdream_032_live_event_296_ur,032_live_event_296_ur,032,朝日 六花,live_event_296_ur,半身 / 活动立绘,cubism2,src/vendor/deskpet/bangdream-models/032_live_event_296_ur/model.json,rendered,pass,runtime loaded and alpha bounds match a visible half-body character,440,520,392,490,71584,0.312867,0,69,439,436,440,368,52,34,344,430,0.779694,1.27907,0.855814,52,43,0,0,good,2,2097152,ef1a9cb2fef0436aa7976c795f90d273bb7ccb2d27d6d7298eaa5b40f67d7df5,.cache/deskpet-audit/render-screenshots/bangdream_032_live_event_296_ur.png,,,2026-06-14T19:21:16.921Z,2071
bangdream_032_live_event_308_ur,032_live_event_308_ur,032,朝日 六花,live_event_308_ur,半身 / 活动立绘,cubism2,src/vendor/deskpet/bangdream-models/032_live_event_308_ur/model.json,rendered,pass,runtime loaded and alpha bounds match a visible half-body character,440,520,392,490,79489,0.347417,0,41,439,436,440,396,52,34,344,430,0.779844,1.27907,0.92093,52,43,0,0,good,2,2097152,f80a07f5b7efab78308b7bc25fbe7e3c9498195f4567911214694f420b255bce,.cache/deskpet-audit/render-screenshots/bangdream_032_live_event_308_ur.png,,,2026-06-14T19:21:18.993Z,1580
bangdream_033_birthday_2022,033_birthday_2022,033,佐藤 益木,birthday_2022,半身 / 生日立绘,cubism2,src/vendor/deskpet/bangdream-models/033_birthday_2022/model.json,rendered,pass,runtime loaded and alpha bounds match a visible half-body character,440,520,392,490,72836,0.318339,0,26,439,436,440,411,52,34,344,430,0.764698,1.27907,0.955814,52,43,8,0,good,2,2097152,678b5a236b0110fd43462bb1d5b6adb9381dcc4de6c1061df5184726f76ec8d7,.cache/deskpet-audit/render-screenshots/bangdream_033_birthday_2022.png,,,2026-06-14T19:21:20.573Z,1349
bangdream_033_dream_festival_3_ur,033_dream_festival_3_ur,033,佐藤 益木,dream_festival_3_ur,半身 / 梦祭立绘,cubism2,src/vendor/deskpet/bangdream-models/033_dream_festival_3_ur/model.json,rendered,pass,runtime loaded and alpha bounds match a visible half-body character,440,520,392,490,70934,0.310026,0,27,439,436,440,410,52,34,344,430,0.766563,1.27907,0.953488,52,43,7,0,good,2,2097152,8b6a40ed925534939574fe5ed6d2df8eeb695e475b5aa024ad960c8c004cf603,.cache/deskpet-audit/render-screenshots/bangdream_033_dream_festival_3_ur.png,,,2026-06-14T19:21:21.922Z,2571
bangdream_033_live_event_142_ssr,033_live_event_142_ssr,033,佐藤 益木,live_event_142_ssr,半身 / 活动立绘,cubism2,src/vendor/deskpet/bangdream-models/033_live_event_142_ssr/model.json,rendered,pass,runtime loaded and alpha bounds match a visible half-body character,440,520,392,490,71074,0.310638,0,26,439,436,440,411,52,34,344,430,0.764698,1.27907,0.955814,52,43,8,0,good,2,2097152,a5b93c2f9bd4105bbb07df32bd4d321824f7e62cc7ebfac48a8cb9e779b94fc8,.cache/deskpet-audit/render-screenshots/bangdream_033_live_event_142_ssr.png,,,2026-06-14T19:21:24.493Z,1429
bangdream_033_live_event_187_sr,033_live_event_187_sr,033,佐藤 益木,live_event_187_sr,半身 / 活动立绘,cubism2,src/vendor/deskpet/bangdream-models/033_live_event_187_sr/model.json,rendered,pass,runtime loaded and alpha bounds match a visible half-body character,440,520,392,490,73700,0.322115,0,24,439,436,440,413,52,34,344,430,0.760995,1.27907,0.960465,52,43,10,0,good,2,2097152,5a300d00b70ff534cc922f2f9db1fcf04f4fd1ea7b43ed0e78a37f63aff07f48,.cache/deskpet-audit/render-screenshots/bangdream_033_live_event_187_sr.png,,,2026-06-14T19:21:25.921Z,1417
bangdream_034_casual-2023,034_casual-2023,034,鳰原 令王那,casual-2023,半身 / 私服立绘,cubism2,src/vendor/deskpet/bangdream-models/034_casual-2023/model.json,rendered,pass,runtime loaded and alpha bounds match a visible half-body character,440,520,392,490,71409,0.312102,0,52,439,436,440,385,52,34,344,430,0.779787,1.27907,0.895349,52,43,0,0,good,2,2097152,c5c901789ba99ce36df7cb33363a82616f81d7ba4292f087dc151837ed409a45,.cache/deskpet-audit/render-screenshots/bangdream_034_casual-2023.png,,,2026-06-14T19:21:27.339Z,1249
bangdream_034_dream_festival_4_ur,034_dream_festival_4_ur,034,鳰原 令王那,dream_festival_4_ur,半身 / 梦祭立绘,cubism2,src/vendor/deskpet/bangdream-models/034_dream_festival_4_ur/model.json,rendered,pass,runtime loaded and alpha bounds match a visible half-body character,440,520,392,490,77156,0.33722,0,53,439,436,440,384,52,34,344,430,0.779782,1.27907,0.893023,52,43,0,0,good,2,2097152,3c2fcb500e70ada62fcf688bd8270a67326bf338d5a63561fa91a80302ed65aa,.cache/deskpet-audit/render-screenshots/bangdream_034_dream_festival_4_ur.png,,,2026-06-14T19:21:28.587Z,1586
bangdream_034_kirameki_festival,034_kirameki_festival,034,鳰原 令王那,kirameki_festival,半身 / 辉彩祭立绘,cubism2,src/vendor/deskpet/bangdream-models/034_kirameki_festival/model.json,rendered,pass,runtime loaded and alpha bounds match a visible half-body character,440,520,392,490,72302,0.316005,0,53,439,436,440,384,52,34,344,430,0.779782,1.27907,0.893023,52,43,0,0,good,2,2097152,3da0daf70da53370d3850db4c3f49ec22539065c7ecda27dd1fca866d6899feb,.cache/deskpet-audit/render-screenshots/bangdream_034_kirameki_festival.png,,,2026-06-14T19:21:30.174Z,1532
bangdream_034_live_event_308_ur,034_live_event_308_ur,034,鳰原 令王那,live_event_308_ur,半身 / 活动立绘,cubism2,src/vendor/deskpet/bangdream-models/034_live_event_308_ur/model.json,rendered,pass,runtime loaded and alpha bounds match a visible half-body character,440,520,392,490,87758,0.383558,0,44,439,436,440,393,52,34,344,430,0.779829,1.27907,0.913953,52,43,0,0,good,3,3145728,fbad0cd1becc2ed7055cd0f5066862329c358bd21d5311cfa7405b859981abc2,.cache/deskpet-audit/render-screenshots/bangdream_034_live_event_308_ur.png,,,2026-06-14T19:21:31.705Z,1871
bangdream_035_casual-2023,035_casual-2023,035,珠手 知由,casual-2023,半身 / 私服立绘,cubism2,src/vendor/deskpet/bangdream-models/035_casual-2023/model.json,rendered,pass,runtime loaded and alpha bounds match a visible half-body character,440,520,392,490,66259,0.289594,0,65,439,436,440,372,52,34,344,430,0.779717,1.27907,0.865116,52,43,0,0,good,2,2097152,c26d1b206331f89be930bdcb32104784e0f7e963a48474a601eed01852465628,.cache/deskpet-audit/render-screenshots/bangdream_035_casual-2023.png,,,2026-06-14T19:21:33.576Z,1361
bangdream_035_kirameki_festival,035_kirameki_festival,035,珠手 知由,kirameki_festival,半身 / 辉彩祭立绘,cubism2,src/vendor/deskpet/bangdream-models/035_kirameki_festival/model.json,rendered,pass,runtime loaded and alpha bounds match a visible half-body character,440,520,392,490,66367,0.290066,0,65,439,436,440,372,52,34,344,430,0.779717,1.27907,0.865116,52,43,0,0,good,2,2097152,05a3eb052d07a73f745760e20938428a329deb4cc62261e4de4a4fc846fba55a,.cache/deskpet-audit/render-screenshots/bangdream_035_kirameki_festival.png,,,2026-06-14T19:21:34.937Z,1635
bangdream_035_live_event_187_ssr,035_live_event_187_ssr,035,珠手 知由,live_event_187_ssr,半身 / 活动立绘,cubism2,src/vendor/deskpet/bangdream-models/035_live_event_187_ssr/model.json,rendered,pass,runtime loaded and alpha bounds match a visible half-body character,440,520,392,490,62572,0.273479,0,87,439,436,440,350,52,34,344,430,0.779584,1.27907,0.813953,52,43,0,0,good,2,2097152,bee51b617482d639f88413f005bb66b7fafe10ec7e2c951983b1e235e3553e51,.cache/deskpet-audit/render-screenshots/bangdream_035_live_event_187_ssr.png,,,2026-06-14T19:21:36.573Z,1515
bangdream_035_school_winter,035_school_winter,035,珠手 知由,school_winter,半身 / 冬装立绘,cubism2,src/vendor/deskpet/bangdream-models/035_school_winter/model.json,rendered,pass,runtime loaded and alpha bounds match a visible half-body character,440,520,392,490,66050,0.28868,0,65,439,436,440,372,52,34,344,430,0.779717,1.27907,0.865116,52,43,0,0,good,2,2097152,663ebbe38f8f7c4a28f5d77a47ed218149187993edec4c2d5e1e8db4c2bca047,.cache/deskpet-audit/render-screenshots/bangdream_035_school_winter.png,,,2026-06-14T19:21:38.088Z,1249
bangdream_036_casual-2023,036_casual-2023,036,高松 灯,casual-2023,半身 / 私服立绘,cubism2,src/vendor/deskpet/bangdream-models/036_casual-2023/model.json,rendered,pass,runtime loaded and alpha bounds match a visible half-body character,440,520,392,490,58684,0.256486,0,69,439,436,440,368,52,34,344,430,0.779694,1.27907,0.855814,52,43,0,0,good,2,2097152,2494c8b7db099ad6c8567acb27e86d1ebc2b540c60555882f191de1739ad8552,.cache/deskpet-audit/render-screenshots/bangdream_036_casual-2023.png,,,2026-06-14T19:21:39.337Z,1468
bangdream_036_live_default,036_live_default,036,高松 灯,live_default,半身 / 活动立绘,cubism2,src/vendor/deskpet/bangdream-models/036_live_default/model.json,rendered,pass,runtime loaded and alpha bounds match a visible half-body character,440,520,392,490,61551,0.269017,0,69,439,436,440,368,52,34,344,430,0.779694,1.27907,0.855814,52,43,0,0,good,2,2097152,2ed06b5d3b8121b98cb6debfcbe98f2b8a00d4e886db52c5d81a570cada94f4e,.cache/deskpet-audit/render-screenshots/bangdream_036_live_default.png,,,2026-06-14T19:21:40.804Z,1433
bangdream_036_live_event_289_ur,036_live_event_289_ur,036,高松 灯,live_event_289_ur,半身 / 活动立绘,cubism2,src/vendor/deskpet/bangdream-models/036_live_event_289_ur/model.json,rendered,pass,runtime loaded and alpha bounds match a visible half-body character,440,520,392,490,65721,0.287242,0,69,439,436,440,368,52,34,344,430,0.779694,1.27907,0.855814,52,43,0,0,good,2,2097152,4b7949faba024d1a0cc90310b0d6a99f844249cabfb9804b5ed339d44bb7d210,.cache/deskpet-audit/render-screenshots/bangdream_036_live_event_289_ur.png,,,2026-06-14T19:21:42.238Z,2137
bangdream_036_live_event_307_ssr,036_live_event_307_ssr,036,高松 灯,live_event_307_ssr,半身 / 活动立绘,cubism2,src/vendor/deskpet/bangdream-models/036_live_event_307_ssr/model.json,rendered,pass,runtime loaded and alpha bounds match a visible half-body character,440,520,392,490,60634,0.265009,0,69,439,436,440,368,52,34,344,430,0.779694,1.27907,0.855814,52,43,0,0,good,2,2097152,ee048a53bc6454cec379b0ba968b18fd229abf841118b8284bc8f39a55ac2ef8,.cache/deskpet-audit/render-screenshots/bangdream_036_live_event_307_ssr.png,,,2026-06-14T19:21:44.375Z,1681
bangdream_037_collabo_a_ur,037_collabo_a_ur,037,千早 爱音,collabo_a_ur,半身 / 联动立绘,cubism2,src/vendor/deskpet/bangdream-models/037_collabo_a_ur/model.json,rendered,pass,runtime loaded and alpha bounds match a visible half-body character,440,520,392,490,71471,0.312373,0,56,439,436,440,381,52,34,344,430,0.779766,1.27907,0.886047,52,43,0,0,good,2,2097152,238002b6ab8854a90807585bff537c0ec0455d19fe25344d0de0e148e9559c5c,.cache/deskpet-audit/render-screenshots/bangdream_037_collabo_a_ur.png,,,2026-06-14T19:21:46.056Z,1465
bangdream_037_live_event_253_ur,037_live_event_253_ur,037,千早 爱音,live_event_253_ur,半身 / 活动立绘,cubism2,src/vendor/deskpet/bangdream-models/037_live_event_253_ur/model.json,rendered,pass,runtime loaded and alpha bounds match a visible half-body character,440,520,392,490,64361,0.281298,0,56,439,436,440,381,52,34,344,430,0.779766,1.27907,0.886047,52,43,0,0,good,2,2097152,5d265ce7eb7b7bd90eea5d23aae3bb36084bf985ff293f95462366af231284fd,.cache/deskpet-audit/render-screenshots/bangdream_037_live_event_253_ur.png,,,2026-06-14T19:21:47.521Z,2069
bangdream_037_live_event_307_ur,037_live_event_307_ur,037,千早 爱音,live_event_307_ur,半身 / 活动立绘,cubism2,src/vendor/deskpet/bangdream-models/037_live_event_307_ur/model.json,rendered,pass,runtime loaded and alpha bounds match a visible half-body character,440,520,392,490,67282,0.294065,0,56,439,436,440,381,52,34,344,430,0.779766,1.27907,0.886047,52,43,0,0,good,2,2097152,b282fc796f550b4c44ce6c669138d89f324898b6abf01c93c9657925c5c4ce9d,.cache/deskpet-audit/render-screenshots/bangdream_037_live_event_307_ur.png,,,2026-06-14T19:21:49.590Z,1463
bangdream_037_live_event_313_ur,037_live_event_313_ur,037,千早 爱音,live_event_313_ur,半身 / 活动立绘,cubism2,src/vendor/deskpet/bangdream-models/037_live_event_313_ur/model.json,rendered,pass,runtime loaded and alpha bounds match a visible half-body character,440,520,392,490,71338,0.311792,0,56,439,436,440,381,52,34,344,430,0.779766,1.27907,0.886047,52,43,0,0,good,2,2097152,aede0d2af25371b780b67c7d6b43edd675c28e8721855b1a80c783ac1c19b37e,.cache/deskpet-audit/render-screenshots/bangdream_037_live_event_313_ur.png,,,2026-06-14T19:21:51.053Z,1786
bangdream_038_collabo_a_ur,038_collabo_a_ur,038,要 乐奈,collabo_a_ur,半身 / 联动立绘,cubism2,src/vendor/deskpet/bangdream-models/038_collabo_a_ur/model.json,rendered,pass,runtime loaded and alpha bounds match a visible half-body character,440,520,392,490,65372,0.285717,0,70,439,436,440,367,52,34,344,430,0.779688,1.27907,0.853488,52,43,0,0,good,2,2097152,10f5977eb8675f201e69a3ff41944684ad05d60ee879778ba440ce91e0c2d569,.cache/deskpet-audit/render-screenshots/bangdream_038_collabo_a_ur.png,,,2026-06-14T19:21:52.840Z,1429
bangdream_038_dream_festival_3_ur,038_dream_festival_3_ur,038,要 乐奈,dream_festival_3_ur,半身 / 梦祭立绘,cubism2,src/vendor/deskpet/bangdream-models/038_dream_festival_3_ur/model.json,rendered,pass,runtime loaded and alpha bounds match a visible half-body character,440,520,392,490,65880,0.287937,0,78,439,436,440,359,52,34,344,430,0.77964,1.27907,0.834884,52,43,0,0,good,2,2097152,1c9ab2abac7574a8874a4bb3fd380e7f079e582df2604acb2eece9a4249f02a5,.cache/deskpet-audit/render-screenshots/bangdream_038_dream_festival_3_ur.png,,,2026-06-14T19:21:54.269Z,1685
bangdream_038_live_event_286_ur,038_live_event_286_ur,038,要 乐奈,live_event_286_ur,半身 / 活动立绘,cubism2,src/vendor/deskpet/bangdream-models/038_live_event_286_ur/model.json,rendered,pass,runtime loaded and alpha bounds match a visible half-body character,440,520,392,490,67239,0.293877,0,64,439,436,440,373,52,34,344,430,0.779722,1.27907,0.867442,52,43,0,0,good,2,2097152,8632e3c586f6478ba6786bdd66293cfa98deff1a039cb22ac978d669b2642001,.cache/deskpet-audit/render-screenshots/bangdream_038_live_event_286_ur.png,,,2026-06-14T19:21:55.955Z,1836
bangdream_038_live_event_307_ur,038_live_event_307_ur,038,要 乐奈,live_event_307_ur,半身 / 活动立绘,cubism2,src/vendor/deskpet/bangdream-models/038_live_event_307_ur/model.json,rendered,pass,runtime loaded and alpha bounds match a visible half-body character,440,520,392,490,56733,0.247959,0,78,439,436,440,359,52,34,344,430,0.77964,1.27907,0.834884,52,43,0,0,good,2,2097152,19a7c812a469f929a6d800fcefcf021221cd98b44bf7a5cf194e58aba3736411,.cache/deskpet-audit/render-screenshots/bangdream_038_live_event_307_ur.png,,,2026-06-14T19:21:57.791Z,1413
bangdream_039_casual-2023,039_casual-2023,039,长崎 爽世,casual-2023,半身 / 私服立绘,cubism2,src/vendor/deskpet/bangdream-models/039_casual-2023/model.json,rendered,pass,runtime loaded and alpha bounds match a visible half-body character,440,520,392,490,63807,0.278877,0,52,439,436,440,385,52,34,344,430,0.779787,1.27907,0.895349,52,43,0,0,good,2,2097152,b33234940b258d68a2ecb485a6534aba157c9290d88d38923fbbb707cf973739,.cache/deskpet-audit/render-screenshots/bangdream_039_casual-2023.png,,,2026-06-14T19:21:59.203Z,1416
bangdream_039_live_default,039_live_default,039,长崎 爽世,live_default,半身 / 活动立绘,cubism2,src/vendor/deskpet/bangdream-models/039_live_default/model.json,rendered,pass,runtime loaded and alpha bounds match a visible half-body character,440,520,392,490,66735,0.291674,0,52,439,436,440,385,52,34,344,430,0.779787,1.27907,0.895349,52,43,0,0,good,2,2097152,d69db660aa2f942c2c1b5871b870e4133b104752fa52c972f7c93c954913d342,.cache/deskpet-audit/render-screenshots/bangdream_039_live_default.png,,,2026-06-14T19:22:00.619Z,1317
bangdream_039_live_event_297_ur,039_live_event_297_ur,039,长崎 爽世,live_event_297_ur,半身 / 活动立绘,cubism2,src/vendor/deskpet/bangdream-models/039_live_event_297_ur/model.json,rendered,pass,runtime loaded and alpha bounds match a visible half-body character,440,520,392,490,83297,0.36406,0,29,439,436,440,408,52,34,344,430,0.770321,1.27907,0.948837,52,43,5,0,good,2,2097152,ea5388c1bb1de2100bd1329adcb312fc30a411a6561389d144c7e3a94d464cd2,.cache/deskpet-audit/render-screenshots/bangdream_039_live_event_297_ur.png,,,2026-06-14T19:22:01.936Z,1535
bangdream_039_live_event_307_sr,039_live_event_307_sr,039,长崎 爽世,live_event_307_sr,半身 / 活动立绘,cubism2,src/vendor/deskpet/bangdream-models/039_live_event_307_sr/model.json,rendered,pass,runtime loaded and alpha bounds match a visible half-body character,440,520,392,490,71426,0.312177,0,52,439,436,440,385,52,34,344,430,0.779787,1.27907,0.895349,52,43,0,0,good,2,2097152,ac373dfc0550663029b031fea327f8d708fa2ab58605d4dcf44dbfe2f6f0ceeb,.cache/deskpet-audit/render-screenshots/bangdream_039_live_event_307_sr.png,,,2026-06-14T19:22:03.471Z,1518
bangdream_040_collabo_a_ur,040_collabo_a_ur,040,椎名 立希,collabo_a_ur,半身 / 联动立绘,cubism2,src/vendor/deskpet/bangdream-models/040_collabo_a_ur/model.json,rendered,pass,runtime loaded and alpha bounds match a visible half-body character,440,520,392,490,62227,0.271971,0,65,439,436,440,372,52,34,344,430,0.779717,1.27907,0.865116,52,43,0,0,good,2,2097152,21a0f9254f1defd95f09a41646c8ecbd04e306495e6bae67e3645f1fd5a4b9ec,.cache/deskpet-audit/render-screenshots/bangdream_040_collabo_a_ur.png,,,2026-06-14T19:22:04.989Z,1480
bangdream_040_live_default,040_live_default,040,椎名 立希,live_default,半身 / 活动立绘,cubism2,src/vendor/deskpet/bangdream-models/040_live_default/model.json,rendered,pass,runtime loaded and alpha bounds match a visible half-body character,440,520,392,490,62355,0.272531,0,65,439,436,440,372,52,34,344,430,0.779717,1.27907,0.865116,52,43,0,0,good,2,2097152,334772d95ba0e66ab6baeb5904bc5a7a0967e8d9a554223954d5c7373ac0ba82,.cache/deskpet-audit/render-screenshots/bangdream_040_live_default.png,,,2026-06-14T19:22:06.469Z,1433
bangdream_040_live_event_240_ur,040_live_event_240_ur,040,椎名 立希,live_event_240_ur,半身 / 活动立绘,cubism2,src/vendor/deskpet/bangdream-models/040_live_event_240_ur/model.json,rendered,pass,runtime loaded and alpha bounds match a visible half-body character,440,520,392,490,64075,0.280048,0,65,439,436,440,372,52,34,344,430,0.779717,1.27907,0.865116,52,43,0,0,good,2,2097152,4c5a3c7fc9b82f981ada00b2e5341c48b915ba92eb01f774ae9873a47f037f26,.cache/deskpet-audit/render-screenshots/bangdream_040_live_event_240_ur.png,,,2026-06-14T19:22:07.903Z,1802
bangdream_040_live_event_297_ur,040_live_event_297_ur,040,椎名 立希,live_event_297_ur,半身 / 活动立绘,cubism2,src/vendor/deskpet/bangdream-models/040_live_event_297_ur/model.json,rendered,pass,runtime loaded and alpha bounds match a visible half-body character,440,520,392,490,64626,0.282456,0,66,439,436,440,371,52,34,344,430,0.779711,1.27907,0.862791,52,43,0,0,good,2,2097152,7b0987ddcbe58ebe18de3fb5efb6150a3e2c56282fb171b53ca37e82f1bb9917,.cache/deskpet-audit/render-screenshots/bangdream_040_live_event_297_ur.png,,,2026-06-14T19:22:09.705Z,1548
bangdream_041_casual-2023,041_casual-2023,041,丰川 祥子,casual-2023,半身 / 私服立绘,cubism2,src/vendor/deskpet/bangdream-models/041_casual-2023/model.json,rendered,pass,runtime loaded and alpha bounds match a visible half-body character,440,520,392,490,67138,0.293435,0,68,439,436,440,369,52,34,344,430,0.779699,1.27907,0.85814,52,43,0,0,good,2,2097152,7ae808f490c49f2ada8b1a56b83027dc7eeb8fb7bbe047a1a51ce93c049b3633,.cache/deskpet-audit/render-screenshots/bangdream_041_casual-2023.png,,,2026-06-14T19:22:11.253Z,1350
bangdream_041_event_297_story_01,041_event_297_story_01,041,丰川 祥子,event_297_story_01,半身 / 剧情立绘,cubism2,src/vendor/deskpet/bangdream-models/041_event_297_story_01/model.json,rendered,pass,runtime loaded and alpha bounds match a visible half-body character,440,520,392,490,72807,0.318212,0,68,439,436,440,369,52,34,344,430,0.779699,1.27907,0.85814,52,43,0,0,good,2,2097152,5f5c12f9bf74fe2430f8c45b682a2eb37d25140bda5d28c80f1d6b2ab9d18d5a,.cache/deskpet-audit/render-screenshots/bangdream_041_event_297_story_01.png,,,2026-06-14T19:22:12.602Z,1534
bangdream_041_jh_school_winter-2023,041_jh_school_winter-2023,041,丰川 祥子,jh_school_winter-2023,半身 / 冬装立绘,cubism2,src/vendor/deskpet/bangdream-models/041_jh_school_winter-2023/model.json,rendered,pass,runtime loaded and alpha bounds match a visible half-body character,440,520,392,490,66786,0.291897,0,68,439,436,440,369,52,34,344,430,0.779699,1.27907,0.85814,52,43,0,0,good,2,2097152,220dab8d260b1b53caad10211755836e800e118c83ae80922e8912d5af60db0a,.cache/deskpet-audit/render-screenshots/bangdream_041_jh_school_winter-2023.png,,,2026-06-14T19:22:14.137Z,1315
bangdream_041_school_summer-2023,041_school_summer-2023,041,丰川 祥子,school_summer-2023,半身 / 夏装立绘,cubism2,src/vendor/deskpet/bangdream-models/041_school_summer-2023/model.json,rendered,pass,runtime loaded and alpha bounds match a visible half-body character,440,520,392,490,64733,0.282924,0,68,439,436,440,369,52,34,344,430,0.779699,1.27907,0.85814,52,43,0,0,good,2,2097152,b46d2dc24e2b5087025c6a07354fab8b11963f68a2cfa735b2906e22dd0eb0fa,.cache/deskpet-audit/render-screenshots/bangdream_041_school_summer-2023.png,,,2026-06-14T19:22:15.452Z,1216
bangdream_041_school_winter-2023,041_school_winter-2023,041,丰川 祥子,school_winter-2023,半身 / 冬装立绘,cubism2,src/vendor/deskpet/bangdream-models/041_school_winter-2023/model.json,rendered,pass,runtime loaded and alpha bounds match a visible half-body character,440,520,392,490,66389,0.290162,0,68,439,436,440,369,52,34,344,430,0.779699,1.27907,0.85814,52,43,0,0,good,2,2097152,ae7c31d08ecbe42c4fd05bb9dbeb8e63fb1a984e7be73f060957b609ffaf1f3d,.cache/deskpet-audit/render-screenshots/bangdream_041_school_winter-2023.png,,,2026-06-14T19:22:16.668Z,1200
bangdream_042_casual-2023,042_casual-2023,042,三角 初华,casual-2023,半身 / 私服立绘,cubism2,src/vendor/deskpet/bangdream-models/042_casual-2023/model.json,rendered,pass,runtime loaded and alpha bounds match a visible half-body character,440,520,392,490,60827,0.265852,0,49,439,436,440,388,52,34,344,430,0.779803,1.27907,0.902326,52,43,0,0,good,2,2097152,e479d4e6369031b8cc3e5b466c44a2ac3b21ef5681a992b9bb918ba4781bf474,.cache/deskpet-audit/render-screenshots/bangdream_042_casual-2023.png,,,2026-06-14T19:22:17.868Z,1199
bangdream_042_casual-2023_nocap,042_casual-2023_nocap,042,三角 初华,casual-2023_nocap,半身 / 私服立绘,cubism2,src/vendor/deskpet/bangdream-models/042_casual-2023_nocap/model.json,rendered,pass,runtime loaded and alpha bounds match a visible half-body character,440,520,392,490,60138,0.262841,0,55,439,436,440,382,52,34,344,430,0.779772,1.27907,0.888372,52,43,0,0,good,2,2097152,663d68c5ea71ecddaa010df0a2b79bf001483ef1edc5906730d59bc3e6a82937,.cache/deskpet-audit/render-screenshots/bangdream_042_casual-2023_nocap.png,,,2026-06-14T19:22:19.067Z,1116
bangdream_042_event_297_story_01,042_event_297_story_01,042,三角 初华,event_297_story_01,半身 / 剧情立绘,cubism2,src/vendor/deskpet/bangdream-models/042_event_297_story_01/model.json,rendered,pass,runtime loaded and alpha bounds match a visible half-body character,440,520,392,490,65817,0.287662,0,55,439,436,440,382,52,34,344,430,0.779772,1.27907,0.888372,52,43,0,0,good,2,2097152,9a44b8bb8b64d669792e00ac6436ebd7f61ac6b63cb2222f15ed6b77d0adedbe,.cache/deskpet-audit/render-screenshots/bangdream_042_event_297_story_01.png,,,2026-06-14T19:22:20.183Z,1352
bangdream_042_school_summer-2023,042_school_summer-2023,042,三角 初华,school_summer-2023,半身 / 夏装立绘,cubism2,src/vendor/deskpet/bangdream-models/042_school_summer-2023/model.json,rendered,pass,runtime loaded and alpha bounds match a visible half-body character,440,520,392,490,60611,0.264908,0,55,439,436,440,382,52,34,344,430,0.779772,1.27907,0.888372,52,43,0,0,good,2,2097152,c99cbb32a77600c4c5a92bbba218053eb2afcd5abe8cbaa5e4f1c349fc461bf8,.cache/deskpet-audit/render-screenshots/bangdream_042_school_summer-2023.png,,,2026-06-14T19:22:21.535Z,1132
bangdream_042_school_winter-2023,042_school_winter-2023,042,三角 初华,school_winter-2023,半身 / 冬装立绘,cubism2,src/vendor/deskpet/bangdream-models/042_school_winter-2023/model.json,rendered,pass,runtime loaded and alpha bounds match a visible half-body character,440,520,392,490,62521,0.273256,0,55,439,436,440,382,52,34,344,430,0.779772,1.27907,0.888372,52,43,0,0,good,2,2097152,fe295d5c0821057153acb1c13304902591e0772e19879ad90f478bfa8872d8d9,.cache/deskpet-audit/render-screenshots/bangdream_042_school_winter-2023.png,,,2026-06-14T19:22:22.667Z,1166
bangdream_042_sumimi,042_sumimi,042,三角 初华,sumimi,半身 / 偶像舞台装,cubism2,src/vendor/deskpet/bangdream-models/042_sumimi/model.json,rendered,pass,runtime loaded and alpha bounds match a visible half-body character,440,520,392,490,62509,0.273204,0,55,439,436,440,382,52,34,344,430,0.779772,1.27907,0.888372,52,43,0,0,good,2,2097152,7eb8f32557673cdc556a1be9501ebc942e350f4751cf1bb2505e40ffae0b6f43,.cache/deskpet-audit/render-screenshots/bangdream_042_sumimi.png,,,2026-06-14T19:22:23.833Z,1218
bangdream_043_casual-2023,043_casual-2023,043,八幡 海铃,casual-2023,半身 / 私服立绘,cubism2,src/vendor/deskpet/bangdream-models/043_casual-2023/model.json,rendered,pass,runtime loaded and alpha bounds match a visible half-body character,440,520,392,490,59143,0.258492,0,61,439,436,440,376,52,34,344,430,0.779739,1.27907,0.874419,52,43,0,0,good,2,2097152,cf0e4b11ff1e07b3e971edd37a99aa50e75578a276b45e4d47d1c09249ad029f,.cache/deskpet-audit/render-screenshots/bangdream_043_casual-2023.png,,,2026-06-14T19:22:25.051Z,1468
bangdream_043_event_297_story_01,043_event_297_story_01,043,八幡 海铃,event_297_story_01,半身 / 剧情立绘,cubism2,src/vendor/deskpet/bangdream-models/043_event_297_story_01/model.json,rendered,pass,runtime loaded and alpha bounds match a visible half-body character,440,520,392,490,62380,0.27264,0,61,439,436,440,376,52,34,344,430,0.779739,1.27907,0.874419,52,43,0,0,good,2,2097152,8c9da42085433af4a9b789134809941b5d88d8d63e6ff2a7cc374f9f13d75f15,.cache/deskpet-audit/render-screenshots/bangdream_043_event_297_story_01.png,,,2026-06-14T19:22:26.519Z,1231
bangdream_043_school_summer-2023,043_school_summer-2023,043,八幡 海铃,school_summer-2023,半身 / 夏装立绘,cubism2,src/vendor/deskpet/bangdream-models/043_school_summer-2023/model.json,rendered,pass,runtime loaded and alpha bounds match a visible half-body character,440,520,392,490,59481,0.259969,0,61,439,436,440,376,52,34,344,430,0.779739,1.27907,0.874419,52,43,0,0,good,2,2097152,5751cf9674de6f3fa72eb469928e84fdadad0443278c769e24815575e04e3ad6,.cache/deskpet-audit/render-screenshots/bangdream_043_school_summer-2023.png,,,2026-06-14T19:22:27.750Z,1133
bangdream_043_school_winter-2023,043_school_winter-2023,043,八幡 海铃,school_winter-2023,半身 / 冬装立绘,cubism2,src/vendor/deskpet/bangdream-models/043_school_winter-2023/model.json,rendered,pass,runtime loaded and alpha bounds match a visible half-body character,440,520,392,490,61356,0.268164,0,61,439,436,440,376,52,34,344,430,0.779739,1.27907,0.874419,52,43,0,0,good,2,2097152,2dab9216bfbf4a1a2a9c4e688ecb5539f97d57136bfb75b57a6adf1d8d1f65b7,.cache/deskpet-audit/render-screenshots/bangdream_043_school_winter-2023.png,,,2026-06-14T19:22:28.883Z,1167
bangdream_044_casual-2023,044_casual-2023,044,祐天寺 若麦,casual-2023,半身 / 私服立绘,cubism2,src/vendor/deskpet/bangdream-models/044_casual-2023/model.json,rendered,pass,runtime loaded and alpha bounds match a visible half-body character,440,520,392,490,57682,0.252107,0,44,439,436,440,393,52,34,344,430,0.779829,1.27907,0.913953,52,43,0,0,good,2,2097152,b35f22c6d9099ca600848a738cbe71c5de256226926bb48ab69931e7c0096a5a,.cache/deskpet-audit/render-screenshots/bangdream_044_casual-2023.png,,,2026-06-14T19:22:30.050Z,1283
bangdream_044_event_297_story_01,044_event_297_story_01,044,祐天寺 若麦,event_297_story_01,半身 / 剧情立绘,cubism2,src/vendor/deskpet/bangdream-models/044_event_297_story_01/model.json,rendered,pass,runtime loaded and alpha bounds match a visible half-body character,440,520,392,490,60852,0.265962,0,44,439,436,440,393,52,34,344,430,0.779829,1.27907,0.913953,52,43,0,0,good,2,2097152,7935f87d116d4c6bf30a00de50975eb1c298b2c2851d2a812804c6917da90584,.cache/deskpet-audit/render-screenshots/bangdream_044_event_297_story_01.png,,,2026-06-14T19:22:31.334Z,1401
bangdream_045_casual-2023,045_casual-2023,045,若叶 睦,casual-2023,半身 / 私服立绘,cubism2,src/vendor/deskpet/bangdream-models/045_casual-2023/model.json,rendered,pass,runtime loaded and alpha bounds match a visible half-body character,440,520,392,490,62356,0.272535,0,71,439,436,440,366,52,34,344,430,0.779682,1.27907,0.851163,52,43,0,0,good,2,2097152,0f60333fa48639b8a9252ccc2061b9616af23daeffc6ec2cc260d6d81a575231,.cache/deskpet-audit/render-screenshots/bangdream_045_casual-2023.png,,,2026-06-14T19:22:32.735Z,1534
bangdream_045_event_297_story_01,045_event_297_story_01,045,若叶 睦,event_297_story_01,半身 / 剧情立绘,cubism2,src/vendor/deskpet/bangdream-models/045_event_297_story_01/model.json,rendered,pass,runtime loaded and alpha bounds match a visible half-body character,440,520,392,490,65882,0.287946,0,61,439,436,440,376,52,34,344,430,0.779739,1.27907,0.874419,52,43,0,0,good,2,2097152,6ef45bd4721b45c3fbbad2d8c99bd6f6c1b98abac403672b38551e7fbe328cd9,.cache/deskpet-audit/render-screenshots/bangdream_045_event_297_story_01.png,,,2026-06-14T19:22:34.269Z,1516
bangdream_045_school_summer-2023,045_school_summer-2023,045,若叶 睦,school_summer-2023,半身 / 夏装立绘,cubism2,src/vendor/deskpet/bangdream-models/045_school_summer-2023/model.json,rendered,pass,runtime loaded and alpha bounds match a visible half-body character,440,520,392,490,58653,0.256351,0,71,439,436,440,366,52,34,344,430,0.779682,1.27907,0.851163,52,43,0,0,good,2,2097152,f3854697d8e50c86d331b6e3db63d285ea756b6e5fd78aa03be7255134fc0e05,.cache/deskpet-audit/render-screenshots/bangdream_045_school_summer-2023.png,,,2026-06-14T19:22:35.785Z,1349
bangdream_045_school_winter-2023,045_school_winter-2023,045,若叶 睦,school_winter-2023,半身 / 冬装立绘,cubism2,src/vendor/deskpet/bangdream-models/045_school_winter-2023/model.json,rendered,pass,runtime loaded and alpha bounds match a visible half-body character,440,520,392,490,60405,0.264008,0,71,439,436,440,366,52,34,344,430,0.779682,1.27907,0.851163,52,43,0,0,good,2,2097152,97494fe08075017e1e3f6bc114474aaab590622352c1843a328ef693b348945b,.cache/deskpet-audit/render-screenshots/bangdream_045_school_winter-2023.png,,,2026-06-14T19:22:37.135Z,1249
